file,status,records_extracted,error
Flood_Level\2018\August\2018-08-18_0930_Water_Level.pdf,digital_no_records,0,No usable table rows
Flood_Level\2018\June\2018-06-03_0930_Water_Level.pdf,digital_no_records,0,No usable table rows
Flood_Level\2018\June\2018-06-04_0930_Water_Level.pdf,digital_no_records,0,No usable table rows
Flood_Level\2018\June\2018-06-07_0930_Water_Level.pdf,digital_no_records,0,No usable table rows
Flood_Level\2018\June\2018-06-08_0030_Water_Level.pdf,digital_no_records,0,No usable table rows
Flood_Level\2018\June\2018-06-08_0330_Water_Level.pdf,digital_no_records,0,No usable table rows
Flood_Level\2018\June\2018-06-08_0630_Water_Level.pdf,digital_no_records,0,No usable table rows
Flood_Level\2018\June\2018-06-08_1000_Water_Level.pdf,digital_no_records,0,No usable table rows
Flood_Level\2018\May\2018-05-21_0954_Water_Level.pdf,digital_no_records,0,No usable table rows
Flood_Level\2018\May\2018-05-21_1200_Water_Level.pdf,digital_no_records,0,No usable table rows
Flood_Level\2018\May\2018-05-21_1830_Water_Level.pdf,success,22,
Flood_Level\2018\May\2018-05-21_2130_Water_Level.pdf,success,22,
Flood_Level\2018\May\2018-05-22_0630_Water_Level.pdf,digital_no_records,0,No usable table rows
Flood_Level\2018\May\2018-05-22_1030_Water_Level.pdf,digital_no_records,0,No usable table rows
Flood_Level\2018\May\2018-05-22_2130_Water_Level.pdf,digital_no_records,0,No usable table rows
Flood_Level\2018\May\2018-05-23_0030_Water_Level.pdf,digital_no_records,0,No usable table rows
Flood_Level\2018\May\2018-05-23_0330_Water_Level.pdf,digital_no_records,0,No usable table rows
Flood_Level\2018\May\2018-05-23_0640_Water_Level.pdf,digital_no_records,0,No usable table rows
Flood_Level\2018\May\2018-05-23_1830_Water_Level.pdf,digital_no_records,0,No usable table rows
Flood_Level\2018\May\2018-05-24_0030_Water_Level.pdf,digital_no_records,0,No usable table rows
Flood_Level\2018\May\2018-05-24_0630_Water_Level.pdf,digital_no_records,0,No usable table rows
Flood_Level\2018\May\2018-05-24_0930_Water_Level.pdf,digital_no_records,0,No usable table rows
Flood_Level\2018\May\2018-05-24_1530_Water_Level.pdf,digital_no_records,0,No usable table rows
Flood_Level\2018\May\2018-05-25_0030_Water_Level.pdf,digital_no_records,0,No usable table rows
Flood_Level\2018\May\2018-05-25_0330_Water_Level.pdf,digital_no_records,0,No usable table rows
Flood_Level\2018\May\2018-05-25_0930_Water_Level.pdf,digital_no_records,0,No usable table rows
Flood_Level\2018\May\2018-05-25_1830_Water_Level.pdf,digital_no_records,0,No usable table rows
Flood_Level\2018\May\2018-05-25_2130_Water_Level.pdf,digital_no_records,0,No usable table rows
Flood_Level\2018\May\2018-05-26_0030_Water_Level.pdf,digital_no_records,0,No usable table rows
Flood_Level\2018\May\2018-05-26_0330_Water_Level.pdf,digital_no_records,0,No usable table rows
Flood_Level\2018\May\2018-05-26_0930_Water_Level.pdf,digital_no_records,0,No usable table rows
Flood_Level\2018\May\2018-05-26_1115_Water_Level.pdf,digital_no_records,0,No usable table rows
Flood_Level\2018\May\2018-05-26_1300_Water_Level.pdf,digital_no_records,0,No usable table rows
Flood_Level\2018\May\2018-05-26_1730_Water_Level.pdf,digital_no_records,0,No usable table rows
Flood_Level\2018\May\2018-05-26_1830_Water_Level.pdf,digital_no_records,0,No usable table rows
Flood_Level\2018\May\2018-05-26_2130_Water_Level.pdf,digital_no_records,0,No usable table rows
Flood_Level\2018\May\2018-05-27_0330_Water_Level.pdf,digital_no_records,0,No usable table rows
Flood_Level\2018\May\2018-05-27_0630_Water_Level.pdf,digital_no_records,0,No usable table rows
Flood_Level\2018\May\2018-05-27_1230_Water_Level.pdf,digital_no_records,0,No usable table rows
Flood_Level\2018\May\2018-05-27_1530_Water_Level.pdf,digital_no_records,0,No usable table rows
Flood_Level\2018\May\2018-05-27_1830_Water_Level.pdf,digital_no_records,0,No usable table rows
Flood_Level\2018\May\2018-05-27_2130_Water_Level.pdf,digital_no_records,0,No usable table rows
Flood_Level\2018\May\2018-05-28_0400_Water_Level.pdf,digital_no_records,0,No usable table rows
Flood_Level\2018\May\2018-05-28_0630_Water_Level.pdf,digital_no_records,0,No usable table rows
Flood_Level\2018\May\2018-05-28_1200_Water_Level.pdf,digital_no_records,0,No usable table rows
Flood_Level\2018\May\2018-05-29_0900_Water_Level.pdf,digital_no_records,0,No usable table rows
Flood_Level\2018\November\2018-11-05_0930_Water_Level.pdf,digital_no_records,0,No usable table rows
Flood_Level\2018\November\2018-11-06_0930_Water_Level.pdf,digital_no_records,0,No usable table rows
Flood_Level\2018\November\2018-11-07_0030_Water_Level.pdf,digital_no_records,0,No usable table rows
Flood_Level\2018\November\2018-11-07_0930_Water_Level.pdf,digital_no_records,0,No usable table rows
Flood_Level\2018\November\2018-11-07_1600_Water_Level.pdf,digital_no_records,0,No usable table rows
Flood_Level\2018\November\2018-11-08_0630_Water_Level.pdf,digital_no_records,0,No usable table rows
Flood_Level\2018\November\2018-11-08_0930_Water_Level.pdf,digital_no_records,0,No usable table rows
Flood_Level\2018\November\2018-11-08_1230_Water_Level.pdf,digital_no_records,0,No usable table rows
Flood_Level\2018\November\2018-11-08_1530_Water_Level.pdf,digital_no_records,0,No usable table rows
Flood_Level\2018\November\2018-11-08_1830_Water_Level.pdf,digital_no_records,0,No usable table rows
Flood_Level\2018\November\2018-11-09_0330_Water_Level.pdf,digital_no_records,0,No usable table rows
Flood_Level\2018\November\2018-11-09_0630_Water_Level.pdf,digital_no_records,0,No usable table rows
Flood_Level\2018\November\2018-11-09_1230_Water_Level.pdf,digital_no_records,0,No usable table rows
Flood_Level\2018\November\2018-11-09_2100_Water_Level.pdf,digital_no_records,0,No usable table rows
Flood_Level\2018\November\2018-11-10_0030_Water_Level.pdf,digital_no_records,0,No usable table rows
Flood_Level\2018\November\2018-11-10_0330_Water_Level.pdf,digital_no_records,0,No usable table rows
Flood_Level\2018\November\2018-11-10_0630_Water_Level.pdf,digital_no_records,0,No usable table rows
Flood_Level\2018\November\2018-11-10_0900_Water_Level.pdf,digital_no_records,0,No usable table rows
Flood_Level\2018\November\2018-11-10_1530_Water_Level.pdf,digital_no_records,0,No usable table rows
Flood_Level\2018\November\2018-11-11_0900_Water_Level.pdf,digital_no_records,0,No usable table rows
Flood_Level\2018\November\2018-11-18_0930_Water_Level.pdf,digital_no_records,0,No usable table rows
Flood_Level\2018\November\2018-11-20_1030_Water_Level.pdf,digital_no_records,0,No usable table rows
Flood_Level\2018\November\2018-11-21_1000_Water_Level.pdf,digital_no_records,0,No usable table rows
Flood_Level\2018\November\2018-11-24_1000_Water_Level.pdf,digital_no_records,0,No usable table rows
Flood_Level\2018\November\2018-11-25_0930_Water_Level.pdf,digital_no_records,0,No usable table rows
Flood_Level\2018\November\2018-11-26_0900_Water_Level.pdf,digital_no_records,0,No usable table rows
Flood_Level\2018\November\2018-11-27_1000_Water_Level.pdf,digital_no_records,0,No usable table rows
Flood_Level\2018\November\2018-11-28_1000_Water_Level.pdf,digital_no_records,0,No usable table rows
Flood_Level\2018\October\2018-10-08_0930_Water_Level.pdf,digital_no_records,0,No usable table rows
Flood_Level\2018\October\2018-10-08_1530_Water_Level.pdf,digital_no_records,0,No usable table rows
Flood_Level\2018\October\2018-10-08_2130_Water_Level.pdf,digital_no_records,0,No usable table rows
Flood_Level\2018\October\2018-10-09_0330_Water_Level.pdf,success,18,
Flood_Level\2018\October\2018-10-09_0630_Water_Level.pdf,digital_no_records,0,No usable table rows
Flood_Level\2018\October\2018-10-09_0930_Water_Level.pdf,digital_no_records,0,No usable table rows
Flood_Level\2018\October\2018-10-09_1230_Water_Level.pdf,digital_no_records,0,No usable table rows
Flood_Level\2018\October\2018-10-09_1530_Water_Level.pdf,digital_no_records,0,No usable table rows
Flood_Level\2018\October\2018-10-10_0030_Water_Level.pdf,digital_no_records,0,No usable table rows
Flood_Level\2018\October\2018-10-10_0630_Water_Level.pdf,digital_no_records,0,No usable table rows
Flood_Level\2018\October\2018-10-10_0930_Water_Level.pdf,digital_no_records,0,No usable table rows
Flood_Level\2018\October\2018-10-10_1230_Water_Level.pdf,digital_no_records,0,No usable table rows
Flood_Level\2018\October\2018-10-10_1530_Water_Level.pdf,digital_no_records,0,No usable table rows
Flood_Level\2018\October\2018-10-10_1830_Water_Level.pdf,digital_no_records,0,No usable table rows
Flood_Level\2018\October\2018-10-11_0330_Water_Level.pdf,digital_no_records,0,No usable table rows
Flood_Level\2018\October\2018-10-11_0630_Water_Level.pdf,digital_no_records,0,No usable table rows
Flood_Level\2018\October\2018-10-11_1530_Water_Level.pdf,digital_no_records,0,No usable table rows
Flood_Level\2018\October\2018-10-11_1630_Water_Level.pdf,digital_no_records,0,No usable table rows
Flood_Level\2018\October\2018-10-12_1000_Water_Level.pdf,digital_no_records,0,No usable table rows
Flood_Level\2018\October\2018-10-14_0930_Water_Level.pdf,digital_no_records,0,No usable table rows
Flood_Level\2018\October\2018-10-15_1000_Water_Level.pdf,digital_no_records,0,No usable table rows
Flood_Level\2018\October\2018-10-20_0930_Water_Level.pdf,digital_no_records,0,No usable table rows
Flood_Level\2018\October\2018-10-20_1630_Water_Level.pdf,digital_no_records,0,No usable table rows
Flood_Level\2018\October\2018-10-21_1030_Water_Level.pdf,digital_no_records,0,No usable table rows
Flood_Level\2018\October\2018-10-24_0930_Water_Level.pdf,digital_no_records,0,No usable table rows
Flood_Level\2018\October\2018-10-26_0930_Water_Level.pdf,digital_no_records,0,No usable table rows
Flood_Level\2018\October\2018-10-27_0930_Water_Level.pdf,digital_no_records,0,No usable table rows
Flood_Level\2018\October\2018-10-28_1030_Water_Level.pdf,digital_no_records,0,No usable table rows
Flood_Level\2018\October\2018-10-29_0930_Water_Level.pdf,digital_no_records,0,No usable table rows
Flood_Level\2019\August\2019-08-13_1600_Water_Level.pdf,digital_no_records,0,No usable table rows
Flood_Level\2019\August\2019-08-14_0030_Water_Level.pdf,digital_no_records,0,No usable table rows
Flood_Level\2019\August\2019-08-14_0330_Water_Level.pdf,digital_no_records,0,No usable table rows
Flood_Level\2019\August\2019-08-14_0630_Water_Level.pdf,digital_no_records,0,No usable table rows
Flood_Level\2019\August\2019-08-14_0930_Water_Level.pdf,digital_no_records,0,No usable table rows
Flood_Level\2019\August\2019-08-14_1530_Water_Level.pdf,digital_no_records,0,No usable table rows
Flood_Level\2019\August\2019-08-14_1830_Water_Level.pdf,digital_no_records,0,No usable table rows
Flood_Level\2019\August\2019-08-14_2130_Water_Level.pdf,digital_no_records,0,No usable table rows
Flood_Level\2019\August\2019-08-15_0330_Water_Level.pdf,digital_no_records,0,No usable table rows
Flood_Level\2019\August\2019-08-15_0630_Water_Level.pdf,digital_no_records,0,No usable table rows
Flood_Level\2019\August\2019-08-15_0930_Water_Level.pdf,digital_no_records,0,No usable table rows
Flood_Level\2019\August\2019-08-15_1230_Water_Level.pdf,digital_no_records,0,No usable table rows
Flood_Level\2019\August\2019-08-15_1530_Water_Level.pdf,digital_no_records,0,No usable table rows
Flood_Level\2019\August\2019-08-16__Water_Level.pdf,digital_no_records,0,No usable table rows
Flood_Level\2019\August\2019-08-17_1030_Water_Level.pdf,digital_no_records,0,No usable table rows
Flood_Level\2019\August\2019-08-30_0630_Water_Level.pdf,digital_no_records,0,No usable table rows
Flood_Level\2019\August\2019-08-31_0630_Water_Level.pdf,digital_no_records,0,No usable table rows
Flood_Level\2019\August\2019-08-31_1230_Water_Level.pdf,digital_no_records,0,No usable table rows
Flood_Level\2019\August\2019-08-31_1530_Water_Level.pdf,digital_no_records,0,No usable table rows
Flood_Level\2019\December\2019-12-01_0930_Water_Level.pdf,digital_no_records,0,No usable table rows
Flood_Level\2019\December\2019-12-01_1230_Water_Level.pdf,digital_no_records,0,No usable table rows
Flood_Level\2019\December\2019-12-01_1530_Water_Level.pdf,digital_no_records,0,No usable table rows
Flood_Level\2019\December\2019-12-01_2130_Water_Level.pdf,digital_no_records,0,No usable table rows
Flood_Level\2019\December\2019-12-02_0030_Water_Level.pdf,digital_no_records,0,No usable table rows
Flood_Level\2019\December\2019-12-02_1230_Water_Level.pdf,digital_no_records,0,No usable table rows
Flood_Level\2019\December\2019-12-03_0930_Water_Level.pdf,scanned,0,
Flood_Level\2019\December\2019-12-04_0930_Water_Level.pdf,digital_no_records,0,No usable table rows
Flood_Level\2019\December\2019-12-05_0900_Water_Level.pdf,digital_no_records,0,No usable table rows
Flood_Level\2019\December\2019-12-08_0930_Water_Level.pdf,scanned,0,
Flood_Level\2019\December\2019-12-09_0930_Water_Level.pdf,digital_no_records,0,No usable table rows
Flood_Level\2019\December\2019-12-11_1000_Water_Level.pdf,digital_no_records,0,No usable table rows
Flood_Level\2019\December\2019-12-12_1000_Water_Level.pdf,digital_no_records,0,No usable table rows
Flood_Level\2019\December\2019-12-20_1000_Water_Level.pdf,scanned,0,
Flood_Level\2019\December\2019-12-20_1530_Water_Level.pdf,digital_no_records,0,No usable table rows
Flood_Level\2019\December\2019-12-20_1630_Water_Level.pdf,digital_no_records,0,No usable table rows
Flood_Level\2019\December\2019-12-20_2130_Water_Level.pdf,digital_no_records,0,No usable table rows
Flood_Level\2019\December\2019-12-21_0000_Water_Level.pdf,digital_no_records,0,No usable table rows
Flood_Level\2019\December\2019-12-21_0400_Water_Level.pdf,digital_no_records,0,No usable table rows
Flood_Level\2019\December\2019-12-21_1215_Water_Level.pdf,digital_no_records,0,No usable table rows
Flood_Level\2019\December\2019-12-22_0630_Water_Level.pdf,digital_no_records,0,No usable table rows
Flood_Level\2019\December\2019-12-22_1230_Water_Level.pdf,digital_no_records,0,No usable table rows
Flood_Level\2019\June\2019-06-13_0930_Water_Level.pdf,digital_no_records,0,No usable table rows
Flood_Level\2019\November\2019-11-01_0930_Water_Level.pdf,digital_no_records,0,No usable table rows
Flood_Level\2019\November\2019-11-02_0930_Water_Level.pdf,digital_no_records,0,No usable table rows
Flood_Level\2019\November\2019-11-06_0930_Water_Level.pdf,digital_no_records,0,No usable table rows
Flood_Level\2019\November\2019-11-12_0930_Water_Level.pdf,digital_no_records,0,No usable table rows
Flood_Level\2019\November\2019-11-16_1500_Water_Level.pdf,digital_no_records,0,No usable table rows
Flood_Level\2019\November\2019-11-17_0030_Water_Level.pdf,digital_no_records,0,No usable table rows
Flood_Level\2019\November\2019-11-17_0330_Water_Level.pdf,digital_no_records,0,No usable table rows
Flood_Level\2019\November\2019-11-17_0630_Water_Level.pdf,digital_no_records,0,No usable table rows
Flood_Level\2019\November\2019-11-30_0930_Water_Level.pdf,digital_no_records,0,No usable table rows
Flood_Level\2019\October\2019-10-01_0900_Water_Level.pdf,digital_no_records,0,No usable table rows
Flood_Level\2019\October\2019-10-03_1000_Water_Level.pdf,digital_no_records,0,No usable table rows
Flood_Level\2019\October\2019-10-04_1000_Water_Level.pdf,digital_no_records,0,No usable table rows
Flood_Level\2019\October\2019-10-13_1000_Water_Level.pdf,scanned,0,
Flood_Level\2019\October\2019-10-14_0930_Water_Level.pdf,digital_no_records,0,No usable table rows
Flood_Level\2019\October\2019-10-15_0930_Water_Level.pdf,digital_no_records,0,No usable table rows
Flood_Level\2019\October\2019-10-16_0930_Water_Level.pdf,digital_no_records,0,No usable table rows
Flood_Level\2019\October\2019-10-17_0930_Water_Level.pdf,digital_no_records,0,No usable table rows
Flood_Level\2019\October\2019-10-19_0900_Water_Level.pdf,scanned,0,
Flood_Level\2019\October\2019-10-22_1000_Water_Level.pdf,digital_no_records,0,No usable table rows
Flood_Level\2019\October\2019-10-22_1230_Water_Level.pdf,digital_no_records,0,No usable table rows
Flood_Level\2019\October\2019-10-22_1530_Water_Level.pdf,scanned,0,
Flood_Level\2019\October\2019-10-22_1830_Water_Level.pdf,digital_no_records,0,No usable table rows
Flood_Level\2019\October\2019-10-22_2130_Water_Level.pdf,digital_no_records,0,No usable table rows
Flood_Level\2019\October\2019-10-23_0030_Water_Level.pdf,digital_no_records,0,No usable table rows
Flood_Level\2019\October\2019-10-23_0330_Water_Level.pdf,digital_no_records,0,No usable table rows
Flood_Level\2019\October\2019-10-23_0630_Water_Level.pdf,digital_no_records,0,No usable table rows
Flood_Level\2019\October\2019-10-23_1000_Water_Level.pdf,digital_no_records,0,No usable table rows
Flood_Level\2019\October\2019-10-23_1230_Water_Level.pdf,digital_no_records,0,No usable table rows
Flood_Level\2019\October\2019-10-23_1530_Water_Level.pdf,digital_no_records,0,No usable table rows
Flood_Level\2019\October\2019-10-24_0930_Water_Level.pdf,digital_no_records,0,No usable table rows
Flood_Level\2019\October\2019-10-24_1630_Water_Level.pdf,digital_no_records,0,No usable table rows
Flood_Level\2019\October\2019-10-26_0900_Water_Level.pdf,digital_no_records,0,No usable table rows
Flood_Level\2019\October\2019-10-30_1030_Water_Level.pdf,digital_no_records,0,No usable table rows
Flood_Level\2019\October\2019-10-31_1000_Water_Level.pdf,digital_no_records,0,No usable table rows
Flood_Level\2019\September\2019-09-01_1530_Water_Level.pdf,digital_no_records,0,No usable table rows
Flood_Level\2019\September\2019-09-02_0930_Water_Level.pdf,digital_no_records,0,No usable table rows
Flood_Level\2019\September\2019-09-16_0900_Water_Level.pdf,digital_no_records,0,No usable table rows
Flood_Level\2019\September\2019-09-16_1230_Water_Level.pdf,digital_no_records,0,No usable table rows
Flood_Level\2019\September\2019-09-16_1545_Water_Level.pdf,digital_no_records,0,No usable table rows
Flood_Level\2019\September\2019-09-16_1800_Water_Level.pdf,digital_no_records,0,No usable table rows
Flood_Level\2019\September\2019-09-16_2130_Water_Level.pdf,digital_no_records,0,No usable table rows
Flood_Level\2019\September\2019-09-17_0030_Water_Level.pdf,digital_no_records,0,No usable table rows
Flood_Level\2019\September\2019-09-17_0330_Water_Level.pdf,digital_no_records,0,No usable table rows
Flood_Level\2019\September\2019-09-17_0630_Water_Level.pdf,digital_no_records,0,No usable table rows
Flood_Level\2019\September\2019-09-17_1000_Water_Level.pdf,digital_no_records,0,No usable table rows
Flood_Level\2019\September\2019-09-17_1230_Water_Level.pdf,digital_no_records,0,No usable table rows
Flood_Level\2019\September\2019-09-17_1530_Water_Level.pdf,digital_no_records,0,No usable table rows
Flood_Level\2019\September\2019-09-17_1830_Water_Level.pdf,digital_no_records,0,No usable table rows
Flood_Level\2019\September\2019-09-17_2130_Water_Level.pdf,digital_no_records,0,No usable table rows
Flood_Level\2019\September\2019-09-18_0030_Water_Level.pdf,digital_no_records,0,No usable table rows
Flood_Level\2019\September\2019-09-18_0330_Water_Level.pdf,digital_no_records,0,No usable table rows
Flood_Level\2019\September\2019-09-18_0630_Water_Level.pdf,digital_no_records,0,No usable table rows
Flood_Level\2019\September\2019-09-18_0930_Water_Level.pdf,digital_no_records,0,No usable table rows
Flood_Level\2019\September\2019-09-18_1230_Water_Level.pdf,digital_no_records,0,No usable table rows
Flood_Level\2019\September\2019-09-18_1530_Water_Level.pdf,digital_no_records,0,No usable table rows
Flood_Level\2019\September\2019-09-18_1700_Water_Level.pdf,digital_no_records,0,No usable table rows
Flood_Level\2019\September\2019-09-20_1015_Water_Level.pdf,digital_no_records,0,No usable table rows
Flood_Level\2019\September\2019-09-21_0930_Water_Level.pdf,digital_no_records,0,No usable table rows
Flood_Level\2019\September\2019-09-22_0930_Water_Level.pdf,digital_no_records,0,No usable table rows
Flood_Level\2019\September\2019-09-22_1530_Water_Level.pdf,digital_no_records,0,No usable table rows
Flood_Level\2019\September\2019-09-22_1830_Water_Level.pdf,digital_no_records,0,No usable table rows
Flood_Level\2019\September\2019-09-22_2130_Water_Level.pdf,digital_no_records,0,No usable table rows
Flood_Level\2019\September\2019-09-23_0030_Water_Level.pdf,digital_no_records,0,No usable table rows
Flood_Level\2019\September\2019-09-23_0330_Water_Level.pdf,digital_no_records,0,No usable table rows
Flood_Level\2019\September\2019-09-23_0615_Water_Level.pdf,digital_no_records,0,No usable table rows
Flood_Level\2019\September\2019-09-23_0900_Water_Level.pdf,scanned,0,
Flood_Level\2019\September\2019-09-23_1200_Water_Level.pdf,digital_no_records,0,No usable table rows
Flood_Level\2019\September\2019-09-23_1530_Water_Level.pdf,digital_no_records,0,No usable table rows
Flood_Level\2019\September\2019-09-23_1830_Water_Level.pdf,digital_no_records,0,No usable table rows
Flood_Level\2019\September\2019-09-23_2130_Water_Level.pdf,digital_no_records,0,No usable table rows
Flood_Level\2019\September\2019-09-24_0030_Water_Level.pdf,digital_no_records,0,No usable table rows
Flood_Level\2019\September\2019-09-24_0330_Water_Level.pdf,digital_no_records,0,No usable table rows
Flood_Level\2019\September\2019-09-24_0630_Water_Level.pdf,digital_no_records,0,No usable table rows
Flood_Level\2019\September\2019-09-24_1030_Water_Level.pdf,digital_no_records,0,No usable table rows
Flood_Level\2019\September\2019-09-24_1600_Water_Level.pdf,digital_no_records,0,No usable table rows
Flood_Level\2019\September\2019-09-24_1830_Water_Level.pdf,digital_no_records,0,No usable table rows
Flood_Level\2019\September\2019-09-24_2130_Water_Level.pdf,digital_no_records,0,No usable table rows
Flood_Level\2019\September\2019-09-25_0030_Water_Level.pdf,digital_no_records,0,No usable table rows
Flood_Level\2019\September\2019-09-25_0330_Water_Level.pdf,digital_no_records,0,No usable table rows
Flood_Level\2019\September\2019-09-25_1130_Water_Level.pdf,digital_no_records,0,No usable table rows
Flood_Level\2019\September\2019-09-25_1200_Water_Level.pdf,digital_no_records,0,No usable table rows
Flood_Level\2019\September\2019-09-25_1830_Water_Level.pdf,digital_no_records,0,No usable table rows
Flood_Level\2019\September\2019-09-25_2130_Water_Level.pdf,digital_no_records,0,No usable table rows
Flood_Level\2019\September\2019-09-26_0400_Water_Level.pdf,digital_no_records,0,No usable table rows
Flood_Level\2019\September\2019-09-26_0630_Water_Level.pdf,digital_no_records,0,No usable table rows
Flood_Level\2019\September\2019-09-26_1000_Water_Level.pdf,success,35,
Flood_Level\2019\September\2019-09-26_1830_Water_Level.pdf,success,11,
Flood_Level\2019\September\2019-09-26_2130_Water_Level.pdf,digital_no_records,0,No usable table rows
Flood_Level\2019\September\2019-09-27_0030_Water_Level.pdf,digital_no_records,0,No usable table rows
Flood_Level\2019\September\2019-09-27_0345_Water_Level.pdf,digital_no_records,0,No usable table rows
Flood_Level\2019\September\2019-09-27_0530_Water_Level.pdf,digital_no_records,0,No usable table rows
Flood_Level\2019\September\2019-09-27_0930_Water_Level.pdf,digital_no_records,0,No usable table rows
Flood_Level\2019\September\2019-09-27_1230_Water_Level.pdf,digital_no_records,0,No usable table rows
Flood_Level\2019\September\2019-09-27_1530_Water_Level.pdf,digital_no_records,0,No usable table rows
Flood_Level\2019\September\2019-09-27_1830_Water_Level.pdf,digital_no_records,0,No usable table rows
Flood_Level\2019\September\2019-09-27_2130_Water_Level.pdf,digital_no_records,0,No usable table rows
Flood_Level\2019\September\2019-09-28_0030_Water_Level.pdf,digital_no_records,0,No usable table rows
Flood_Level\2019\September\2019-09-28_0330_Water_Level.pdf,digital_no_records,0,No usable table rows
Flood_Level\2019\September\2019-09-28_0630_Water_Level.pdf,digital_no_records,0,No usable table rows
Flood_Level\2019\September\2019-09-28_0930_Water_Level.pdf,digital_no_records,0,No usable table rows
Flood_Level\2019\September\2019-09-28_1230_Water_Level.pdf,digital_no_records,0,No usable table rows
Flood_Level\2019\September\2019-09-28_1530_Water_Level.pdf,digital_no_records,0,No usable table rows
Flood_Level\2019\September\2019-09-28_1830_Water_Level.pdf,digital_no_records,0,No usable table rows
Flood_Level\2019\September\2019-09-28_2130_Water_Level.pdf,digital_no_records,0,No usable table rows
Flood_Level\2019\September\2019-09-29_0030_Water_Level.pdf,digital_no_records,0,No usable table rows
Flood_Level\2019\September\2019-09-29_0330_Water_Level.pdf,digital_no_records,0,No usable table rows
Flood_Level\2019\September\2019-09-29_0630_Water_Level.pdf,digital_no_records,0,No usable table rows
Flood_Level\2019\September\2019-09-29_0930_Water_Level.pdf,digital_no_records,0,No usable table rows
Flood_Level\2019\September\2019-09-29_1230_Water_Level.pdf,digital_no_records,0,No usable table rows
Flood_Level\2019\September\2019-09-29_1530_Water_Level.pdf,digital_no_records,0,No usable table rows
Flood_Level\2020\December\2020-12-23_1000_Water_Level.pdf,digital_no_records,0,No usable table rows
Flood_Level\2020\December\2020-12-24_0930_Water_Level.pdf,digital_no_records,0,No usable table rows
Flood_Level\2020\December\2020-12-25_0930_Water_Level.pdf,success,39,
Flood_Level\2020\December\2020-12-28_0900_Water_Level.pdf,success,39,
Flood_Level\2020\December\2020-12-29_0900_Water_Level.pdf,success,39,
Flood_Level\2020\July\2020-07-20_1000_Water_Level.pdf,success,38,
Flood_Level\2020\May\2020-05-15_0930_Water_Level.pdf,success,37,
Flood_Level\2020\May\2020-05-16_0600_Water_Level.pdf,success,31,
Flood_Level\2020\May\2020-05-16_1245_Water_Level.pdf,scanned,0,
Flood_Level\2020\May\2020-05-16_1500_Water_Level.pdf,success,37,
Flood_Level\2020\May\2020-05-17_0345_Water_Level.pdf,scanned,0,
Flood_Level\2020\May\2020-05-17_1000_Water_Level.pdf,scanned,0,
Flood_Level\2020\May\2020-05-18_1000_Water_Level.pdf,digital_no_records,0,No usable table rows
Flood_Level\2020\May\2020-05-18_1230_Water_Level.pdf,success,35,
Flood_Level\2020\May\2020-05-18_1545_Water_Level.pdf,success,35,
Flood_Level\2020\May\2020-05-19_0930_Water_Level.pdf,success,37,
Flood_Level\2020\May\2020-05-19_1530_Water_Level.pdf,success,35,
Flood_Level\2020\May\2020-05-19_2200_Water_Level.pdf,success,34,
Flood_Level\2020\May\2020-05-20_0050_Water_Level.pdf,success,33,
Flood_Level\2020\May\2020-05-20_0400_Water_Level.pdf,success,33,
Flood_Level\2020\May\2020-05-20_0630_Water_Level.pdf,success,33,
Flood_Level\2020\May\2020-05-20_1200_Water_Level.pdf,success,37,
Flood_Level\2020\May\2020-05-20_1900_Water_Level.pdf,success,31,
Flood_Level\2020\May\2020-05-21_1000_Water_Level.pdf,success,37,
Flood_Level\2020\May\2020-05-21_1230_Water_Level.pdf,success,37,
Flood_Level\2020\May\2020-05-22_1020_Water_Level.pdf,success,37,
Flood_Level\2020\May\2020-05-23_0930_Water_Level.pdf,success,37,
Flood_Level\2020\May\2020-05-24_1000_Water_Level.pdf,success,37,
Flood_Level\2020\May\2020-05-25_1000_Water_Level.pdf,success,37,
Flood_Level\2020\May\2020-05-26_1000_Water_Level.pdf,success,37,
Flood_Level\2020\May\2020-05-27_1230_Water_Level.pdf,digital_no_records,0,No usable table rows
Flood_Level\2020\May\2020-05-27_1830_Water_Level.pdf,success,36,
Flood_Level\2020\May\2020-05-27_2100_Water_Level.pdf,success,34,
Flood_Level\2020\May\2020-05-28_0330_Water_Level.pdf,success,34,
Flood_Level\2020\May\2020-05-28_0630_Water_Level.pdf,success,34,
Flood_Level\2020\May\2020-05-28_1000_Water_Level.pdf,success,38,
Flood_Level\2020\May\2020-05-28_1500_Water_Level.pdf,success,38,
Flood_Level\2020\May\2020-05-29_0400_Water_Level.pdf,success,38,
Flood_Level\2020\May\2020-05-29_0630_Water_Level.pdf,success,32,
Flood_Level\2020\May\2020-05-29_1000_Water_Level.pdf,success,38,
Flood_Level\2020\May\2020-05-30_0330_Water_Level.pdf,digital_no_records,0,No usable table rows
Flood_Level\2020\May\2020-05-30_0630_Water_Level.pdf,scanned,0,
Flood_Level\2020\May\2020-05-30_0930_Water_Level.pdf,scanned,0,
Flood_Level\2020\May\2020-05-30_1230_Water_Level.pdf,scanned,0,
Flood_Level\2020\November\2020-11-06_0930_Water_Level.pdf,digital_no_records,0,No usable table rows
Flood_Level\2020\November\2020-11-06_1600_Water_Level.pdf,success,38,
Flood_Level\2020\November\2020-11-07_0930_Water_Level.pdf,success,38,
Flood_Level\2020\November\2020-11-09_1000_Water_Level.pdf,success,38,
Flood_Level\2020\November\2020-11-10_1000_Water_Level.pdf,error,0,Could not open PDF
Flood_Level\2020\November\2020-11-11_0950_Water_Level.pdf,success,38,
Flood_Level\2020\November\2020-11-12_0930_Water_Level.pdf,success,38,
Flood_Level\2020\November\2020-11-13_0930_Water_Level.pdf,success,38,
Flood_Level\2020\November\2020-11-14_0930_Water_Level.pdf,digital_no_records,0,No usable table rows
Flood_Level\2020\November\2020-11-15_0930_Water_Level.pdf,success,38,
Flood_Level\2020\November\2020-11-16_1030_Water_Level.pdf,success,38,
Flood_Level\2020\November\2020-11-17_1000_Water_Level.pdf,success,38,
Flood_Level\2020\November\2020-11-21_1000_Water_Level.pdf,success,38,
Flood_Level\2020\November\2020-11-22_1000_Water_Level.pdf,success,38,
Flood_Level\2020\October\2020-10-01_0930_Water_Level.pdf,digital_no_records,0,No usable table rows
Flood_Level\2020\October\2020-10-11_1000_Water_Level.pdf,success,38,
Flood_Level\2020\September\2020-09-02_1030_Water_Level.pdf,success,38,
Flood_Level\2020\September\2020-09-02_1600_Water_Level.pdf,digital_no_records,0,No usable table rows
Flood_Level\2020\September\2020-09-03_1030_Water_Level.pdf,digital_no_records,0,No usable table rows
Flood_Level\2020\September\2020-09-07_0930_Water_Level.pdf,digital_no_records,0,No usable table rows
Flood_Level\2020\September\2020-09-08_0930_Water_Level.pdf,digital_no_records,0,No usable table rows
Flood_Level\2020\September\2020-09-09_0930_Water_Level.pdf,digital_no_records,0,No usable table rows
Flood_Level\2020\September\2020-09-20_1000_Water_Level.pdf,success,38,
Flood_Level\2020\September\2020-09-21_1000_Water_Level.pdf,success,38,
Flood_Level\2020\September\2020-09-23_0930_Water_Level.pdf,digital_no_records,0,No usable table rows
Flood_Level\2021\April\2021-04-23_1000_Water_Level.pdf,success,42,
Flood_Level\2021\April\2021-04-30_0900_Water_Level.pdf,success,42,
Flood_Level\2021\August\2021-08-09_1000_Water_Level.pdf,success,42,
Flood_Level\2021\August\2021-08-13_1000_Water_Level.pdf,success,42,
Flood_Level\2021\August\2021-08-26_0930_Water_Level.pdf,success,42,
Flood_Level\2021\August\2021-08-27_1000_Water_Level.pdf,success,42,
Flood_Level\2021\August\2021-08-28_1030_Water_Level.pdf,success,42,
Flood_Level\2021\December\2021-12-01_0930_Water_Level.pdf,success,42,
Flood_Level\2021\December\2021-12-02_0930_Water_Level.pdf,success,42,
Flood_Level\2021\December\2021-12-05_1000_Water_Level.pdf,success,42,
Flood_Level\2021\December\2021-12-07_0930_Water_Level.pdf,success,42,
Flood_Level\2021\December\2021-12-08_1000_Water_Level.pdf,success,42,
Flood_Level\2021\December\2021-12-09_1000_Water_Level.pdf,success,42,
Flood_Level\2021\December\2021-12-19_0930_Water_Level.pdf,success,42,
Flood_Level\2021\December\2021-12-20_0930_Water_Level.pdf,success,42,
Flood_Level\2021\July\2021-07-02_0930_Water_Level.pdf,success,42,
Flood_Level\2021\July\2021-07-10_0430_Water_Level.pdf,success,18,
Flood_Level\2021\July\2021-07-10_0630_Water_Level.pdf,success,18,
Flood_Level\2021\July\2021-07-10_0900_Water_Level.pdf,success,42,
Flood_Level\2021\July\2021-07-10_1500_Water_Level.pdf,success,18,
Flood_Level\2021\July\2021-07-11_0700_Water_Level.pdf,success,18,
Flood_Level\2021\July\2021-07-11_0930_Water_Level.pdf,success,42,
Flood_Level\2021\July\2021-07-11_1230_Water_Level.pdf,success,18,
Flood_Level\2021\July\2021-07-11_1530_Water_Level.pdf,success,18,
Flood_Level\2021\July\2021-07-12_0930_Water_Level.pdf,success,42,
Flood_Level\2021\June\2021-06-03_1015_Water_Level.pdf,success,42,
Flood_Level\2021\June\2021-06-03_1500_Water_Level.pdf,success,14,
Flood_Level\2021\June\2021-06-04_0130_Water_Level.pdf,digital_no_records,0,No usable table rows
Flood_Level\2021\June\2021-06-04_0730_Water_Level.pdf,digital_no_records,0,No usable table rows
Flood_Level\2021\June\2021-06-04_1000_Water_Level.pdf,success,42,
Flood_Level\2021\June\2021-06-04_1240_Water_Level.pdf,success,22,
Flood_Level\2021\June\2021-06-04_1500_Water_Level.pdf,success,22,
Flood_Level\2021\June\2021-06-04_1800_Water_Level.pdf,success,22,
Flood_Level\2021\June\2021-06-04_2130_Water_Level.pdf,success,22,
Flood_Level\2021\June\2021-06-05_0030_Water_Level.pdf,error,0,Could not open PDF
Flood_Level\2021\June\2021-06-05_0330_Water_Level.pdf,success,28,
Flood_Level\2021\June\2021-06-05_0600_Water_Level.pdf,success,27,
Flood_Level\2021\June\2021-06-05_1300_Water_Level.pdf,success,22,
Flood_Level\2021\June\2021-06-05_1530_Water_Level.pdf,success,22,
Flood_Level\2021\June\2021-06-05_1830_Water_Level.pdf,success,22,
Flood_Level\2021\June\2021-06-05_2130_Water_Level.pdf,success,22,
Flood_Level\2021\June\2021-06-06_0030_Water_Level.pdf,success,22,
Flood_Level\2021\June\2021-06-06_0630_Water_Level.pdf,success,22,
Flood_Level\2021\June\2021-06-06_1000_Water_Level.pdf,success,42,
Flood_Level\2021\June\2021-06-06_1230_Water_Level.pdf,success,22,
Flood_Level\2021\June\2021-06-06_1530_Water_Level.pdf,success,22,
Flood_Level\2021\June\2021-06-06_2130_Water_Level.pdf,success,22,
Flood_Level\2021\June\2021-06-07_0120_Water_Level.pdf,success,22,
Flood_Level\2021\June\2021-06-07_0400_Water_Level.pdf,success,22,
Flood_Level\2021\June\2021-06-07_0930_Water_Level.pdf,success,42,
Flood_Level\2021\June\2021-06-07_1200_Water_Level.pdf,success,22,
Flood_Level\2021\June\2021-06-07_1530_Water_Level.pdf,success,22,
Flood_Level\2021\June\2021-06-07_1900_Water_Level.pdf,success,22,
Flood_Level\2021\June\2021-06-07_2100_Water_Level.pdf,success,22,
Flood_Level\2021\June\2021-06-08_0030_Water_Level.pdf,success,22,
Flood_Level\2021\June\2021-06-08_0900_Water_Level.pdf,success,22,
Flood_Level\2021\June\2021-06-08_1000_Water_Level.pdf,success,42,
Flood_Level\2021\June\2021-06-08_1830_Water_Level.pdf,success,22,
Flood_Level\2021\June\2021-06-09_0330_Water_Level.pdf,success,22,
Flood_Level\2021\June\2021-06-09_0930_Water_Level.pdf,success,42,
Flood_Level\2021\June\2021-06-09_1230_Water_Level.pdf,success,22,
Flood_Level\2021\June\2021-06-09_2130_Water_Level.pdf,success,22,
Flood_Level\2021\June\2021-06-10_0300_Water_Level.pdf,success,22,
Flood_Level\2021\June\2021-06-10_0930_Water_Level.pdf,success,42,
Flood_Level\2021\June\2021-06-14_1000_Water_Level.pdf,success,42,
Flood_Level\2021\March\2021-03-27_0900_Water_Level.pdf,success,42,
Flood_Level\2021\May\2021-05-02_1000_Water_Level.pdf,success,42,
Flood_Level\2021\May\2021-05-04_1000_Water_Level.pdf,success,42,
Flood_Level\2021\May\2021-05-05_1000_Water_Level.pdf,success,42,
Flood_Level\2021\May\2021-05-06_1000_Water_Level.pdf,success,42,
Flood_Level\2021\May\2021-05-07_1000_Water_Level.pdf,success,42,
Flood_Level\2021\May\2021-05-08_1000_Water_Level.pdf,success,42,
Flood_Level\2021\May\2021-05-09_0930_Water_Level.pdf,success,42,
Flood_Level\2021\May\2021-05-10_1000_Water_Level.pdf,success,42,
Flood_Level\2021\May\2021-05-12_1000_Water_Level.pdf,success,42,
Flood_Level\2021\May\2021-05-14_0300_Water_Level.pdf,error,0,Could not open PDF
Flood_Level\2021\May\2021-05-14_0630_Water_Level.pdf,success,22,
Flood_Level\2021\May\2021-05-14_0900_Water_Level.pdf,success,42,
Flood_Level\2021\May\2021-05-14_1530_Water_Level.pdf,success,22,
Flood_Level\2021\May\2021-05-14_1830_Water_Level.pdf,success,22,
Flood_Level\2021\May\2021-05-14_2200_Water_Level.pdf,success,22,
Flood_Level\2021\May\2021-05-15_0300_Water_Level.pdf,success,22,
Flood_Level\2021\May\2021-05-15_0630_Water_Level.pdf,success,22,
Flood_Level\2021\May\2021-05-15_0700_Water_Level.pdf,success,22,
Flood_Level\2021\May\2021-05-15_0930_Water_Level.pdf,success,42,
Flood_Level\2021\May\2021-05-15_1230_Water_Level.pdf,success,22,
Flood_Level\2021\May\2021-05-15_1830_Water_Level.pdf,success,22,
Flood_Level\2021\May\2021-05-15_2100_Water_Level.pdf,success,22,
Flood_Level\2021\May\2021-05-16_0030_Water_Level.pdf,success,22,
Flood_Level\2021\May\2021-05-16_0330_Water_Level.pdf,success,22,
Flood_Level\2021\May\2021-05-16_0630_Water_Level.pdf,success,22,
Flood_Level\2021\May\2021-05-16_0900_Water_Level.pdf,success,42,
Flood_Level\2021\May\2021-05-16_1830_Water_Level.pdf,success,22,
Flood_Level\2021\May\2021-05-16_2100_Water_Level.pdf,success,22,
Flood_Level\2021\May\2021-05-17_0330_Water_Level.pdf,success,22,
Flood_Level\2021\May\2021-05-17_0630_Water_Level.pdf,success,22,
Flood_Level\2021\May\2021-05-17_0900_Water_Level.pdf,success,42,
Flood_Level\2021\May\2021-05-18_0900_Water_Level.pdf,success,42,
Flood_Level\2021\May\2021-05-24_0900_Water_Level.pdf,success,42,
Flood_Level\2021\May\2021-05-24_1500_Water_Level.pdf,success,42,
Flood_Level\2021\May\2021-05-24_1800_Water_Level.pdf,success,24,
Flood_Level\2021\May\2021-05-24_2130_Water_Level.pdf,success,24,
Flood_Level\2021\May\2021-05-25_0030_Water_Level.pdf,success,24,
Flood_Level\2021\May\2021-05-25_0300_Water_Level.pdf,success,24,
Flood_Level\2021\May\2021-05-25_0630_Water_Level.pdf,success,24,
Flood_Level\2021\May\2021-05-25_0930_Water_Level.pdf,success,24,
Flood_Level\2021\May\2021-05-25_0945_Water_Level.pdf,success,42,
Flood_Level\2021\May\2021-05-25_1230_Water_Level.pdf,success,24,
Flood_Level\2021\May\2021-05-25_1545_Water_Level.pdf,success,24,
Flood_Level\2021\May\2021-05-25_1845_Water_Level.pdf,success,24,
Flood_Level\2021\May\2021-05-26_0330_Water_Level.pdf,success,24,
Flood_Level\2021\May\2021-05-26_0630_Water_Level.pdf,success,24,
Flood_Level\2021\May\2021-05-26_0945_Water_Level.pdf,success,42,
Flood_Level\2021\May\2021-05-26_1230_Water_Level.pdf,success,24,
Flood_Level\2021\May\2021-05-26_1530_Water_Level.pdf,success,24,
Flood_Level\2021\May\2021-05-27_0930_Water_Level.pdf,success,42,
Flood_Level\2021\May\2021-05-28__Water_Level.pdf,success,42,
Flood_Level\2021\May\2021-05-29_1030_Water_Level.pdf,success,42,
Flood_Level\2021\May\2021-05-30_1030_Water_Level.pdf,success,42,
Flood_Level\2021\May\2021-05-31_1000_Water_Level.pdf,success,42,
Flood_Level\2021\November\2021-11-01_0900_Water_Level.pdf,success,42,
Flood_Level\2021\November\2021-11-02_0930_Water_Level.pdf,success,42,
Flood_Level\2021\November\2021-11-03_0930_Water_Level.pdf,success,42,
Flood_Level\2021\November\2021-11-04_1000_Water_Level.pdf,success,42,
Flood_Level\2021\November\2021-11-05_1000_Water_Level.pdf,success,42,
Flood_Level\2021\November\2021-11-07_1000_Water_Level.pdf,success,42,
Flood_Level\2021\November\2021-11-08_1000_Water_Level.pdf,success,42,
Flood_Level\2021\November\2021-11-08_1230_Water_Level.pdf,success,9,
Flood_Level\2021\November\2021-11-08_1500_Water_Level.pdf,success,10,
Flood_Level\2021\November\2021-11-08_1850_Water_Level.pdf,success,22,
Flood_Level\2021\November\2021-11-08_2200_Water_Level.pdf,success,22,
Flood_Level\2021\November\2021-11-09_0330_Water_Level.pdf,success,22,
Flood_Level\2021\November\2021-11-09_0600_Water_Level.pdf,success,22,
Flood_Level\2021\November\2021-11-09_1000_Water_Level.pdf,success,42,
Flood_Level\2021\November\2021-11-09_1230_Water_Level.pdf,success,22,
Flood_Level\2021\November\2021-11-09_1800_Water_Level.pdf,digital_no_records,0,No usable table rows
Flood_Level\2021\November\2021-11-10_0600_Water_Level.pdf,success,23,
Flood_Level\2021\November\2021-11-10_1000_Water_Level.pdf,success,42,
Flood_Level\2021\November\2021-11-10_1230_Water_Level.pdf,success,23,
Flood_Level\2021\November\2021-11-10_1350_Water_Level.pdf,success,23,
Flood_Level\2021\November\2021-11-10_1830_Water_Level.pdf,success,23,
Flood_Level\2021\November\2021-11-11_0600_Water_Level.pdf,success,23,
Flood_Level\2021\November\2021-11-11_1000_Water_Level.pdf,success,42,
Flood_Level\2021\November\2021-11-11_1230_Water_Level.pdf,success,23,
Flood_Level\2021\November\2021-11-11_1310_Water_Level.pdf,success,23,
Flood_Level\2021\November\2021-11-11_1550_Water_Level.pdf,success,23,
Flood_Level\2021\November\2021-11-11_1830_Water_Level.pdf,success,23,
Flood_Level\2021\November\2021-11-12_1000_Water_Level.pdf,success,42,
Flood_Level\2021\November\2021-11-13_0930_Water_Level.pdf,success,42,
Flood_Level\2021\November\2021-11-14_1030_Water_Level.pdf,success,42,
Flood_Level\2021\November\2021-11-15_1000_Water_Level.pdf,success,42,
Flood_Level\2021\November\2021-11-16_0930_Water_Level.pdf,success,42,
Flood_Level\2021\November\2021-11-20_0900_Water_Level.pdf,success,42,
Flood_Level\2021\November\2021-11-25_1000_Water_Level.pdf,success,42,
Flood_Level\2021\November\2021-11-25_1200_Water_Level.pdf,success,3,
Flood_Level\2021\November\2021-11-27_1000_Water_Level.pdf,success,42,
Flood_Level\2021\November\2021-11-28_1030_Water_Level.pdf,success,42,
Flood_Level\2021\November\2021-11-29_0930_Water_Level.pdf,success,42,
Flood_Level\2021\November\2021-11-30_0930_Water_Level.pdf,success,42,
Flood_Level\2021\October\2021-10-02_1000_Water_Level.pdf,success,42,
Flood_Level\2021\October\2021-10-06_0930_Water_Level.pdf,scanned,0,
Flood_Level\2021\October\2021-10-07_0945_Water_Level.pdf,success,42,
Flood_Level\2021\October\2021-10-08_0900_Water_Level.pdf,success,42,
Flood_Level\2021\October\2021-10-21_0945_Water_Level.pdf,success,42,
Flood_Level\2021\October\2021-10-27_1000_Water_Level.pdf,success,42,
Flood_Level\2021\September\2021-09-05_1000_Water_Level.pdf,success,42,
Flood_Level\2021\September\2021-09-07_1000_Water_Level.pdf,error,0,Could not open PDF
Flood_Level\2021\September\2021-09-22_1025_Water_Level.pdf,success,42,
Flood_Level\2021\September\2021-09-25_0930_Water_Level.pdf,success,42,
Flood_Level\2021\September\2021-09-27_0630_Water_Level.pdf,success,36,
Flood_Level\2021\September\2021-09-27_0930_Water_Level.pdf,success,42,
Flood_Level\2021\September\2021-09-28_1000_Water_Level.pdf,success,42,
Flood_Level\2022\April\2022-04-09_1000_Water_Level.pdf,success,42,
Flood_Level\2022\April\2022-04-10_1100_Water_Level.pdf,success,42,
Flood_Level\2022\April\2022-04-11_1000_Water_Level.pdf,success,42,
Flood_Level\2022\April\2022-04-16_1015_Water_Level.pdf,success,42,
Flood_Level\2022\April\2022-04-24_1000_Water_Level.pdf,success,42,
Flood_Level\2022\August\2022-08-01_1000_Water_Level.pdf,success,42,
Flood_Level\2022\August\2022-08-01_1230_Water_Level.pdf,success,10,
Flood_Level\2022\August\2022-08-01_1600_Water_Level.pdf,success,21,
Flood_Level\2022\August\2022-08-01_1830_Water_Level.pdf,success,21,
Flood_Level\2022\August\2022-08-01_2100_Water_Level.pdf,success,21,
Flood_Level\2022\August\2022-08-02_0001_Water_Level.pdf,success,21,
Flood_Level\2022\August\2022-08-02_0300_Water_Level.pdf,success,21,
Flood_Level\2022\August\2022-08-02_1000_Water_Level.pdf,success,42,
Flood_Level\2022\August\2022-08-02_1200_Water_Level.pdf,success,21,
Flood_Level\2022\August\2022-08-03_0300_Water_Level.pdf,success,19,
Flood_Level\2022\August\2022-08-03_0600_Water_Level.pdf,success,19,
Flood_Level\2022\August\2022-08-03_1030_Water_Level.pdf,success,42,
Flood_Level\2022\August\2022-08-03_1200_Water_Level.pdf,success,19,
Flood_Level\2022\August\2022-08-03_1500_Water_Level.pdf,success,19,
Flood_Level\2022\August\2022-08-03_1800_Water_Level.pdf,success,19,
Flood_Level\2022\August\2022-08-03_2100_Water_Level.pdf,success,19,
Flood_Level\2022\August\2022-08-04_0630_Water_Level.pdf,success,19,
Flood_Level\2022\August\2022-08-04_0900_Water_Level.pdf,success,42,
Flood_Level\2022\August\2022-08-04_1200_Water_Level.pdf,success,19,
Flood_Level\2022\August\2022-08-04_1600_Water_Level.pdf,success,19,
Flood_Level\2022\August\2022-08-04_2100_Water_Level.pdf,success,21,
Flood_Level\2022\August\2022-08-05_0330_Water_Level.pdf,success,21,
Flood_Level\2022\August\2022-08-05_0630_Water_Level.pdf,success,21,
Flood_Level\2022\August\2022-08-05_0900_Water_Level.pdf,success,42,
Flood_Level\2022\August\2022-08-05_1200_Water_Level.pdf,success,21,
Flood_Level\2022\August\2022-08-05_1800_Water_Level.pdf,success,21,
Flood_Level\2022\August\2022-08-06_0900_Water_Level.pdf,success,42,
Flood_Level\2022\August\2022-08-07_0930_Water_Level.pdf,success,42,
Flood_Level\2022\August\2022-08-08_1000_Water_Level.pdf,success,42,
Flood_Level\2022\August\2022-08-27_1000_Water_Level.pdf,success,42,
Flood_Level\2022\August\2022-08-31_1000_Water_Level.pdf,success,42,
Flood_Level\2022\August\2022-08-31_1800_Water_Level.pdf,success,19,
Flood_Level\2022\August\2022-08-31_2130_Water_Level.pdf,success,19,
Flood_Level\2022\December\2022-12-03_0930_Water_Level.pdf,success,42,
Flood_Level\2022\December\2022-12-05_0930_Water_Level.pdf,success,42,
Flood_Level\2022\December\2022-12-06_0930_Water_Level.pdf,success,42,
Flood_Level\2022\December\2022-12-07_0930_Water_Level.pdf,success,42,
Flood_Level\2022\December\2022-12-18_0930_Water_Level.pdf,success,42,
Flood_Level\2022\December\2022-12-21_1030_Water_Level.pdf,success,42,
Flood_Level\2022\December\2022-12-26_1000_Water_Level.pdf,success,42,
Flood_Level\2022\February\2022-02-13__Water_Level.pdf,success,42,
Flood_Level\2022\January\2022-01-10_1030_Water_Level.pdf,success,42,
Flood_Level\2022\July\2022-07-03_1000_Water_Level.pdf,success,42,
Flood_Level\2022\July\2022-07-04_1000_Water_Level.pdf,success,42,
Flood_Level\2022\July\2022-07-22_0900_Water_Level.pdf,success,42,
Flood_Level\2022\June\2022-06-01_0030_Water_Level.pdf,success,20,
Flood_Level\2022\June\2022-06-01_0300_Water_Level.pdf,success,20,
Flood_Level\2022\June\2022-06-01_0630_Water_Level.pdf,success,20,
Flood_Level\2022\June\2022-06-01_0930_Water_Level.pdf,success,42,
Flood_Level\2022\June\2022-06-01_1500_Water_Level.pdf,success,20,
Flood_Level\2022\June\2022-06-01_1830_Water_Level.pdf,success,20,
Flood_Level\2022\June\2022-06-01_2130_Water_Level.pdf,success,20,
Flood_Level\2022\June\2022-06-02_0030_Water_Level.pdf,success,20,
Flood_Level\2022\June\2022-06-02_0900_Water_Level.pdf,success,42,
Flood_Level\2022\June\2022-06-02_1200_Water_Level.pdf,success,20,
Flood_Level\2022\June\2022-06-02_2200_Water_Level.pdf,success,20,
Flood_Level\2022\June\2022-06-03_2130_Water_Level.pdf,success,20,
Flood_Level\2022\June\2022-06-04_0900_Water_Level.pdf,success,42,
Flood_Level\2022\June\2022-06-04_1500_Water_Level.pdf,success,19,
Flood_Level\2022\June\2022-06-07_1030_Water_Level.pdf,success,42,
Flood_Level\2022\June\2022-06-10_1000_Water_Level.pdf,success,42,
Flood_Level\2022\May\2022-05-05_1000_Water_Level.pdf,success,42,
Flood_Level\2022\May\2022-05-06_1000_Water_Level.pdf,success,42,
Flood_Level\2022\May\2022-05-07_1000_Water_Level.pdf,success,42,
Flood_Level\2022\May\2022-05-11_1030_Water_Level.pdf,success,42,
Flood_Level\2022\May\2022-05-12_1030_Water_Level.pdf,success,42,
Flood_Level\2022\May\2022-05-13_0900_Water_Level.pdf,success,42,
Flood_Level\2022\May\2022-05-14_1000_Water_Level.pdf,success,42,
Flood_Level\2022\May\2022-05-14_1200_Water_Level.pdf,success,12,
Flood_Level\2022\May\2022-05-14_1500_Water_Level.pdf,success,12,
Flood_Level\2022\May\2022-05-14_1830_Water_Level.pdf,success,12,
Flood_Level\2022\May\2022-05-14_2100_Water_Level.pdf,success,12,
Flood_Level\2022\May\2022-05-15_0100_Water_Level.pdf,success,12,
Flood_Level\2022\May\2022-05-15_0300_Water_Level.pdf,success,11,
Flood_Level\2022\May\2022-05-15_0600_Water_Level.pdf,success,12,
Flood_Level\2022\May\2022-05-15_0900_Water_Level.pdf,success,42,
Flood_Level\2022\May\2022-05-15_1230_Water_Level.pdf,success,12,
Flood_Level\2022\May\2022-05-15_1530_Water_Level.pdf,success,12,
Flood_Level\2022\May\2022-05-15_1900_Water_Level.pdf,success,12,
Flood_Level\2022\May\2022-05-15_2100_Water_Level.pdf,success,12,
Flood_Level\2022\May\2022-05-16_0030_Water_Level.pdf,success,12,
Flood_Level\2022\May\2022-05-16_0330_Water_Level.pdf,success,12,
Flood_Level\2022\May\2022-05-16_0630_Water_Level.pdf,success,12,
Flood_Level\2022\May\2022-05-16_0930_Water_Level.pdf,success,42,
Flood_Level\2022\May\2022-05-16_1230_Water_Level.pdf,success,12,
Flood_Level\2022\May\2022-05-16_1500_Water_Level.pdf,success,12,
Flood_Level\2022\May\2022-05-16_1830_Water_Level.pdf,success,12,
Flood_Level\2022\May\2022-05-16_2100_Water_Level.pdf,success,12,
Flood_Level\2022\May\2022-05-17_0030_Water_Level.pdf,success,12,
Flood_Level\2022\May\2022-05-17_0330_Water_Level.pdf,success,11,
Flood_Level\2022\May\2022-05-17_0630_Water_Level.pdf,success,12,
Flood_Level\2022\May\2022-05-17_0930_Water_Level.pdf,success,42,
Flood_Level\2022\May\2022-05-17_1230_Water_Level.pdf,success,12,
Flood_Level\2022\May\2022-05-17_1500_Water_Level.pdf,success,12,
Flood_Level\2022\May\2022-05-17_1800_Water_Level.pdf,success,12,
Flood_Level\2022\May\2022-05-18_0330_Water_Level.pdf,success,12,
Flood_Level\2022\May\2022-05-18_0600_Water_Level.pdf,success,12,
Flood_Level\2022\May\2022-05-18_0900_Water_Level.pdf,success,42,
Flood_Level\2022\May\2022-05-18_1230_Water_Level.pdf,success,12,
Flood_Level\2022\May\2022-05-18_1530_Water_Level.pdf,success,12,
Flood_Level\2022\May\2022-05-19_0900_Water_Level.pdf,success,42,
Flood_Level\2022\May\2022-05-20_0900_Water_Level.pdf,success,42,
Flood_Level\2022\May\2022-05-21_1000_Water_Level.pdf,success,42,
Flood_Level\2022\May\2022-05-22_1000_Water_Level.pdf,success,42,
Flood_Level\2022\May\2022-05-25_1000_Water_Level.pdf,success,42,
Flood_Level\2022\May\2022-05-26_0900_Water_Level.pdf,success,42,
Flood_Level\2022\May\2022-05-27_1000_Water_Level.pdf,success,42,
Flood_Level\2022\May\2022-05-28_1000_Water_Level.pdf,success,42,
Flood_Level\2022\May\2022-05-29_1000_Water_Level.pdf,success,42,
Flood_Level\2022\May\2022-05-30_1000_Water_Level.pdf,success,42,
Flood_Level\2022\May\2022-05-31_1000_Water_Level.pdf,success,42,
Flood_Level\2022\May\2022-05-31_1200_Water_Level.pdf,success,13,
Flood_Level\2022\May\2022-05-31_1530_Water_Level.pdf,success,20,
Flood_Level\2022\May\2022-05-31_1830_Water_Level.pdf,success,20,
Flood_Level\2022\May\2022-05-31_2130_Water_Level.pdf,success,20,
Flood_Level\2022\November\2022-11-05_1000_Water_Level.pdf,success,42,
Flood_Level\2022\November\2022-11-06_0930_Water_Level.pdf,success,42,
Flood_Level\2022\November\2022-11-07_0930_Water_Level.pdf,success,42,
Flood_Level\2022\November\2022-11-08_0930_Water_Level.pdf,success,42,
Flood_Level\2022\November\2022-11-09_0930_Water_Level.pdf,success,42,
Flood_Level\2022\November\2022-11-10_1000_Water_Level.pdf,success,42,
Flood_Level\2022\November\2022-11-11_0900_Water_Level.pdf,success,42,
Flood_Level\2022\November\2022-11-12_0900_Water_Level.pdf,success,42,
Flood_Level\2022\November\2022-11-15_1000_Water_Level.pdf,success,42,
Flood_Level\2022\November\2022-11-17_0930_Water_Level.pdf,success,42,
Flood_Level\2022\November\2022-11-18_0930_Water_Level.pdf,success,42,
Flood_Level\2022\October\2022-10-13_0930_Water_Level.pdf,success,42,
Flood_Level\2022\October\2022-10-14_0930_Water_Level.pdf,success,42,
Flood_Level\2022\October\2022-10-15_0330_Water_Level.pdf,success,22,
Flood_Level\2022\October\2022-10-15_0630_Water_Level.pdf,success,22,
Flood_Level\2022\October\2022-10-15_0930_Water_Level.pdf,success,42,
Flood_Level\2022\October\2022-10-15_1230_Water_Level.pdf,success,22,
Flood_Level\2022\October\2022-10-15_1530_Water_Level.pdf,success,22,
Flood_Level\2022\October\2022-10-15_1830_Water_Level.pdf,success,22,
Flood_Level\2022\October\2022-10-15_2130_Water_Level.pdf,success,22,
Flood_Level\2022\October\2022-10-16_0030_Water_Level.pdf,digital_no_records,0,No usable table rows
Flood_Level\2022\October\2022-10-16_0330_Water_Level.pdf,digital_no_records,0,No usable table rows
Flood_Level\2022\October\2022-10-16_0630_Water_Level.pdf,digital_no_records,0,No usable table rows
Flood_Level\2022\October\2022-10-16_0930_Water_Level.pdf,success,42,
Flood_Level\2022\October\2022-10-16_1230_Water_Level.pdf,digital_no_records,0,No usable table rows
Flood_Level\2022\October\2022-10-16_1530_Water_Level.pdf,success,22,
Flood_Level\2022\October\2022-10-16_1830_Water_Level.pdf,success,22,
Flood_Level\2022\October\2022-10-17_0030_Water_Level.pdf,success,22,
Flood_Level\2022\October\2022-10-17_0330_Water_Level.pdf,success,22,
Flood_Level\2022\October\2022-10-17_0630_Water_Level.pdf,success,22,
Flood_Level\2022\October\2022-10-17_0930_Water_Level.pdf,success,42,
Flood_Level\2022\October\2022-10-17_1200_Water_Level.pdf,success,22,
Flood_Level\2022\October\2022-10-17_1800_Water_Level.pdf,success,22,
Flood_Level\2022\October\2022-10-18_0830_Water_Level.pdf,success,22,
Flood_Level\2022\October\2022-10-18_0930_Water_Level.pdf,success,42,
Flood_Level\2022\October\2022-10-18_1200_Water_Level.pdf,success,22,
Flood_Level\2022\October\2022-10-18_1530_Water_Level.pdf,success,22,
Flood_Level\2022\October\2022-10-18_1830_Water_Level.pdf,success,22,
Flood_Level\2022\October\2022-10-19_1000_Water_Level.pdf,success,42,
Flood_Level\2022\October\2022-10-19_1530_Water_Level.pdf,success,22,
Flood_Level\2022\October\2022-10-20_1000_Water_Level.pdf,success,42,
Flood_Level\2022\October\2022-10-21_1000_Water_Level.pdf,success,42,
Flood_Level\2022\October\2022-10-22_1000_Water_Level.pdf,success,42,
Flood_Level\2022\October\2022-10-22_1600_Water_Level.pdf,success,8,
Flood_Level\2022\October\2022-10-23_1000_Water_Level.pdf,success,42,
Flood_Level\2022\October\2022-10-26_0930_Water_Level.pdf,success,42,
Flood_Level\2022\October\2022-10-27_1000_Water_Level.pdf,success,42,
Flood_Level\2022\October\2022-10-30_1000_Water_Level.pdf,success,42,
Flood_Level\2022\October\2022-10-31_1000_Water_Level.pdf,success,42,
Flood_Level\2022\September\2022-09-01_0030_Water_Level.pdf,success,19,
Flood_Level\2022\September\2022-09-01_0330_Water_Level.pdf,success,19,
Flood_Level\2022\September\2022-09-01_0630_Water_Level.pdf,success,19,
Flood_Level\2022\September\2022-09-01_1200_Water_Level.pdf,success,19,
Flood_Level\2022\September\2022-09-01_1500_Water_Level.pdf,success,20,
Flood_Level\2022\September\2022-09-02_1230_Water_Level.pdf,success,20,
Flood_Level\2022\September\2022-09-02_1530_Water_Level.pdf,success,20,
Flood_Level\2022\September\2022-09-03_0930_Water_Level.pdf,success,42,
Flood_Level\2022\September\2022-09-03_1230_Water_Level.pdf,success,20,
Flood_Level\2022\September\2022-09-03_1530_Water_Level.pdf,success,20,
Flood_Level\2022\September\2022-09-04_0930_Water_Level.pdf,success,42,
Flood_Level\2022\September\2022-09-04_1230_Water_Level.pdf,success,19,
Flood_Level\2022\September\2022-09-05_0930_Water_Level.pdf,success,42,
Flood_Level\2022\September\2022-09-05_1500_Water_Level.pdf,success,20,
Flood_Level\2022\September\2022-09-05_1830_Water_Level.pdf,success,20,
Flood_Level\2022\September\2022-09-05_2130_Water_Level.pdf,success,24,
Flood_Level\2022\September\2022-09-06_0030_Water_Level.pdf,success,24,
Flood_Level\2022\September\2022-09-06_0300_Water_Level.pdf,success,24,
Flood_Level\2022\September\2022-09-06_0900_Water_Level.pdf,success,42,
Flood_Level\2022\September\2022-09-06_0930_Water_Level.pdf,success,22,
Flood_Level\2022\September\2022-09-06_1200_Water_Level.pdf,success,24,
Flood_Level\2022\September\2022-09-06_1530_Water_Level.pdf,success,22,
Flood_Level\2022\September\2022-09-07_1200_Water_Level.pdf,success,22,
Flood_Level\2022\September\2022-09-08_0900_Water_Level.pdf,success,42,
Flood_Level\2022\September\2022-09-08_1200_Water_Level.pdf,success,22,
Flood_Level\2022\September\2022-09-10_0930_Water_Level.pdf,success,42,
Flood_Level\2022\September\Water_level_&_Rainfall_2022__1661982353.pdf,success,19,
Flood_Level\2023\April\2023-04-29_0930_Water_Level.pdf,success,41,
Flood_Level\2023\April\2023-04-30_1000_Water_Level.pdf,success,41,
Flood_Level\2023\December\2023-12-02_0930_Water_Level.pdf,success,41,
Flood_Level\2023\December\2023-12-03_0930_Water_Level.pdf,success,41,
Flood_Level\2023\December\2023-12-04_0955_Water_Level.pdf,success,41,
Flood_Level\2023\December\2023-12-07_0947_Water_Level.pdf,success,41,
Flood_Level\2023\December\2023-12-09_0951_Water_Level.pdf,success,41,
Flood_Level\2023\December\2023-12-11_0900_Water_Level.pdf,success,41,
Flood_Level\2023\December\2023-12-12_0330_Water_Level.pdf,success,24,
Flood_Level\2023\December\2023-12-12_1200_Water_Level.pdf,success,41,
Flood_Level\2023\December\2023-12-12_1230_Water_Level.pdf,success,24,
Flood_Level\2023\December\2023-12-13_1230_Water_Level.pdf,success,24,
Flood_Level\2023\December\2023-12-14_0938_Water_Level.pdf,success,41,
Flood_Level\2023\December\2023-12-14_1223_Water_Level.pdf,success,24,
Flood_Level\2023\December\2023-12-14_1531_Water_Level.pdf,success,31,
Flood_Level\2023\December\2023-12-15_0951_Water_Level.pdf,success,41,
Flood_Level\2023\December\2023-12-15_1231_Water_Level.pdf,success,24,
Flood_Level\2023\December\2023-12-15_1530_Water_Level.pdf,success,24,
Flood_Level\2023\December\2023-12-16_0952_Water_Level.pdf,digital_no_records,0,No usable table rows
Flood_Level\2023\December\2023-12-16_1230_Water_Level.pdf,success,25,
Flood_Level\2023\December\2023-12-16_1526_Water_Level.pdf,success,25,
Flood_Level\2023\December\2023-12-17_0900_Water_Level.pdf,success,41,
Flood_Level\2023\December\2023-12-17_1500_Water_Level.pdf,success,25,
Flood_Level\2023\December\2023-12-18_1830_Water_Level.pdf,success,25,
Flood_Level\2023\December\2023-12-19_0630_Water_Level.pdf,success,25,
Flood_Level\2023\December\2023-12-20_1200_Water_Level.pdf,success,25,
Flood_Level\2023\December\2023-12-21_0944_Water_Level.pdf,success,41,
Flood_Level\2023\December\2023-12-21_1225_Water_Level.pdf,success,25,
Flood_Level\2023\December\2023-12-21_1537_Water_Level.pdf,success,25,
Flood_Level\2023\December\2023-12-30_0930_Water_Level.pdf,success,41,
Flood_Level\2023\December\2023-12-31_0930_Water_Level.pdf,success,41,
Flood_Level\2023\February\2023-02-01_0930_Water_Level.pdf,success,41,
Flood_Level\2023\February\2023-02-02_1500_Water_Level.pdf,success,41,
Flood_Level\2023\February\2023-02-03_1530_Water_Level.pdf,success,41,
Flood_Level\2023\February\2023-02-04_0930_Water_Level.pdf,success,41,
Flood_Level\2023\February\2023-02-05_1500_Water_Level.pdf,success,41,
Flood_Level\2023\January\2023-01-31_0930_Water_Level.pdf,success,42,
Flood_Level\2023\July\2023-07-03_1000_Water_Level.pdf,success,41,
Flood_Level\2023\July\2023-07-04_1000_Water_Level.pdf,success,41,
Flood_Level\2023\July\2023-07-05_0930_Water_Level.pdf,success,41,
Flood_Level\2023\July\2023-07-05_1200_Water_Level.pdf,digital_no_records,0,No usable table rows
Flood_Level\2023\July\2023-07-07_0930_Water_Level.pdf,success,41,
Flood_Level\2023\July\2023-07-17_1000_Water_Level.pdf,success,41,
Flood_Level\2023\June\2023-06-02_0900_Water_Level.pdf,success,41,
Flood_Level\2023\June\2023-06-02_1200_Water_Level.pdf,success,12,
Flood_Level\2023\June\2023-06-02_1500_Water_Level.pdf,success,12,
Flood_Level\2023\June\2023-06-02_1830_Water_Level.pdf,success,12,
Flood_Level\2023\June\2023-06-02_2100_Water_Level.pdf,success,12,
Flood_Level\2023\June\2023-06-03_0030_Water_Level.pdf,success,12,
Flood_Level\2023\June\2023-06-03_0330_Water_Level.pdf,success,12,
Flood_Level\2023\June\2023-06-03_0600_Water_Level.pdf,success,12,
Flood_Level\2023\June\2023-06-03_0930_Water_Level.pdf,success,41,
Flood_Level\2023\June\2023-06-03_1230_Water_Level.pdf,success,12,
Flood_Level\2023\June\2023-06-03_1530_Water_Level.pdf,success,12,
Flood_Level\2023\June\2023-06-03_1830_Water_Level.pdf,success,12,
Flood_Level\2023\June\2023-06-03_2130_Water_Level.pdf,success,12,
Flood_Level\2023\June\2023-06-04_0030_Water_Level.pdf,success,12,
Flood_Level\2023\June\2023-06-04_0330_Water_Level.pdf,success,12,
Flood_Level\2023\June\2023-06-04_0630_Water_Level.pdf,success,12,
Flood_Level\2023\June\2023-06-04_0930_Water_Level.pdf,success,41,
Flood_Level\2023\June\2023-06-04_1200_Water_Level.pdf,success,12,
Flood_Level\2023\June\2023-06-04_1530_Water_Level.pdf,success,12,
Flood_Level\2023\June\2023-06-04_1830_Water_Level.pdf,success,12,
Flood_Level\2023\June\2023-06-04_2130_Water_Level.pdf,success,12,
Flood_Level\2023\June\2023-06-05_0030_Water_Level.pdf,success,12,
Flood_Level\2023\June\2023-06-05_0330_Water_Level.pdf,success,12,
Flood_Level\2023\June\2023-06-05_0630_Water_Level.pdf,success,12,
Flood_Level\2023\June\2023-06-05_0930_Water_Level.pdf,success,41,
Flood_Level\2023\June\2023-06-05_1230_Water_Level.pdf,success,12,
Flood_Level\2023\June\2023-06-05_1530_Water_Level.pdf,success,12,
Flood_Level\2023\June\2023-06-05_1830_Water_Level.pdf,success,12,
Flood_Level\2023\June\2023-06-05_2130_Water_Level.pdf,success,12,
Flood_Level\2023\June\2023-06-06_0030_Water_Level.pdf,success,12,
Flood_Level\2023\June\2023-06-06_0330_Water_Level.pdf,success,12,
Flood_Level\2023\June\2023-06-06_0600_Water_Level.pdf,success,12,
Flood_Level\2023\June\2023-06-06_0930_Water_Level.pdf,success,41,
Flood_Level\2023\June\2023-06-06_1200_Water_Level.pdf,success,12,
Flood_Level\2023\June\2023-06-06_1500_Water_Level.pdf,success,12,
Flood_Level\2023\June\2023-06-06_1800_Water_Level.pdf,success,12,
Flood_Level\2023\June\2023-06-07_0900_Water_Level.pdf,success,41,
Flood_Level\2023\June\2023-06-07_1230_Water_Level.pdf,success,12,
Flood_Level\2023\June\2023-06-07_1530_Water_Level.pdf,success,12,
Flood_Level\2023\June\2023-06-07_1830_Water_Level.pdf,success,12,
Flood_Level\2023\June\2023-06-08_0930_Water_Level.pdf,success,41,
Flood_Level\2023\June\2023-06-08_1200_Water_Level.pdf,success,12,
Flood_Level\2023\June\2023-06-08_1500_Water_Level.pdf,success,12,
Flood_Level\2023\June\2023-06-09_0930_Water_Level.pdf,success,41,
Flood_Level\2023\June\2023-06-13_1000_Water_Level.pdf,success,41,
Flood_Level\2023\June\2023-06-14_0930_Water_Level.pdf,success,41,
Flood_Level\2023\June\2023-06-16_0930_Water_Level.pdf,success,41,
Flood_Level\2023\June\2023-06-17_0930_Water_Level.pdf,success,41,
Flood_Level\2023\June\2023-06-19_0930_Water_Level.pdf,success,41,
Flood_Level\2023\June\2023-06-30_0930_Water_Level.pdf,success,41,
Flood_Level\2023\March\2023-03-02_1000_Water_Level.pdf,success,41,
Flood_Level\2023\May\2023-05-04_0900_Water_Level.pdf,success,41,
Flood_Level\2023\May\2023-05-07_0930_Water_Level.pdf,success,41,
Flood_Level\2023\May\2023-05-10_0930_Water_Level.pdf,success,41,
Flood_Level\2023\May\2023-05-12_0930_Water_Level.pdf,success,41,
Flood_Level\2023\May\2023-05-13_0930_Water_Level.pdf,success,41,
Flood_Level\2023\May\2023-05-14_0930_Water_Level.pdf,success,41,
Flood_Level\2023\May\2023-05-14_1200_Water_Level.pdf,success,19,
Flood_Level\2023\May\2023-05-14_1500_Water_Level.pdf,success,12,
Flood_Level\2023\May\2023-05-14_1800_Water_Level.pdf,success,12,
Flood_Level\2023\May\2023-05-14_2100_Water_Level.pdf,success,12,
Flood_Level\2023\May\2023-05-15_0000_Water_Level.pdf,success,11,
Flood_Level\2023\May\2023-05-15_0300_Water_Level.pdf,success,11,
Flood_Level\2023\May\2023-05-15_0630_Water_Level.pdf,success,11,
Flood_Level\2023\May\2023-05-15_0930_Water_Level.pdf,success,41,
Flood_Level\2023\May\2023-05-15_1200_Water_Level.pdf,success,11,
Flood_Level\2023\May\2023-05-15_1520_Water_Level.pdf,success,12,
Flood_Level\2023\May\2023-05-15_1800_Water_Level.pdf,success,12,
Flood_Level\2023\May\2023-05-16_0000_Water_Level.pdf,success,12,
Flood_Level\2023\May\2023-05-16_0300_Water_Level.pdf,success,12,
Flood_Level\2023\May\2023-05-16_0600_Water_Level.pdf,success,12,
Flood_Level\2023\May\2023-05-16_0900_Water_Level.pdf,success,41,
Flood_Level\2023\May\2023-05-16_1530_Water_Level.pdf,success,11,
Flood_Level\2023\May\2023-05-16_1800_Water_Level.pdf,success,12,
Flood_Level\2023\May\2023-05-16_2100_Water_Level.pdf,success,12,
Flood_Level\2023\May\2023-05-17_0030_Water_Level.pdf,success,12,
Flood_Level\2023\May\2023-05-17_0330_Water_Level.pdf,success,12,
Flood_Level\2023\May\2023-05-17_0600_Water_Level.pdf,success,12,
Flood_Level\2023\May\2023-05-17_0930_Water_Level.pdf,success,41,
Flood_Level\2023\May\2023-05-17_1230_Water_Level.pdf,success,12,
Flood_Level\2023\May\2023-05-17_1530_Water_Level.pdf,success,12,
Flood_Level\2023\May\2023-05-18_0930_Water_Level.pdf,success,41,
Flood_Level\2023\May\2023-05-18_1200_Water_Level.pdf,success,12,
Flood_Level\2023\May\2023-05-18_1500_Water_Level.pdf,success,12,
Flood_Level\2023\May\2023-05-20_0930_Water_Level.pdf,success,41,
Flood_Level\2023\May\2023-05-21_0930_Water_Level.pdf,success,41,
Flood_Level\2023\May\2023-05-22_0945_Water_Level.pdf,success,41,
Flood_Level\2023\May\2023-05-29_0930_Water_Level.pdf,success,41,
Flood_Level\2023\May\2023-05-30_0930_Water_Level.pdf,success,41,
Flood_Level\2023\May\2023-05-31_0930_Water_Level.pdf,success,41,
Flood_Level\2023\November\2023-11-04_0930_Water_Level.pdf,success,41,
Flood_Level\2023\November\2023-11-04_1230_Water_Level.pdf,success,25,
Flood_Level\2023\November\2023-11-05_0930_Water_Level.pdf,success,41,
Flood_Level\2023\November\2023-11-05_1230_Water_Level.pdf,success,26,
Flood_Level\2023\November\2023-11-06_0900_Water_Level.pdf,success,41,
Flood_Level\2023\November\2023-11-06_1800_Water_Level.pdf,success,26,
Flood_Level\2023\November\2023-11-07_1530_Water_Level.pdf,success,25,
Flood_Level\2023\November\2023-11-09_1230_Water_Level.pdf,success,25,
Flood_Level\2023\November\2023-11-10_1230_Water_Level.pdf,success,25,
Flood_Level\2023\November\2023-11-10_1530_Water_Level.pdf,success,25,
Flood_Level\2023\November\2023-11-11_0630_Water_Level.pdf,success,25,
Flood_Level\2023\November\2023-11-11_1000_Water_Level.pdf,success,41,
Flood_Level\2023\November\2023-11-11_1530_Water_Level.pdf,success,25,
Flood_Level\2023\November\2023-11-12_0930_Water_Level.pdf,success,41,
Flood_Level\2023\November\2023-11-12_1500_Water_Level.pdf,success,25,
Flood_Level\2023\November\2023-11-13_0930_Water_Level.pdf,success,41,
Flood_Level\2023\November\2023-11-18_0930_Water_Level.pdf,success,41,
Flood_Level\2023\November\2023-11-19_0930_Water_Level.pdf,success,41,
Flood_Level\2023\November\2023-11-23_1200_Water_Level.pdf,success,25,
Flood_Level\2023\November\2023-11-23_1500_Water_Level.pdf,success,25,
Flood_Level\2023\November\2023-11-23_1530_Water_Level.pdf,success,25,
Flood_Level\2023\November\2023-11-24_1800_Water_Level.pdf,success,25,
Flood_Level\2023\November\2023-11-25_1200_Water_Level.pdf,success,25,
Flood_Level\2023\November\2023-11-28_0930_Water_Level.pdf,success,41,
Flood_Level\2023\November\2023-11-29_0930_Water_Level.pdf,success,41,
Flood_Level\2023\November\2023-11-30_0930_Water_Level.pdf,success,41,
Flood_Level\2023\October\2023-10-02_1800_Water_Level.pdf,success,22,
Flood_Level\2023\October\2023-10-04_0930_Water_Level.pdf,success,41,
Flood_Level\2023\October\2023-10-06_0930_Water_Level.pdf,success,41,
Flood_Level\2023\October\2023-10-06_1500_Water_Level.pdf,success,22,
Flood_Level\2023\October\2023-10-06_2130_Water_Level.pdf,success,22,
Flood_Level\2023\October\2023-10-08_0030_Water_Level.pdf,success,22,
Flood_Level\2023\October\2023-10-08_1830_Water_Level.pdf,success,22,
Flood_Level\2023\October\2023-10-09_1200_Water_Level.pdf,success,22,
Flood_Level\2023\October\2023-10-09_2130_Water_Level.pdf,success,22,
Flood_Level\2023\October\2023-10-11_1200_Water_Level.pdf,success,22,
Flood_Level\2023\October\2023-10-12_0930_Water_Level.pdf,success,41,
Flood_Level\2023\October\2023-10-12_1230_Water_Level.pdf,success,22,
Flood_Level\2023\October\2023-10-12_1530_Water_Level.pdf,success,22,
Flood_Level\2023\October\2023-10-16_1230_Water_Level.pdf,success,22,
Flood_Level\2023\October\2023-10-16_1530_Water_Level.pdf,success,22,
Flood_Level\2023\October\2023-10-17_1230_Water_Level.pdf,success,22,
Flood_Level\2023\October\2023-10-17_1530_Water_Level.pdf,success,22,
Flood_Level\2023\October\2023-10-18_1230_Water_Level.pdf,success,22,
Flood_Level\2023\October\2023-10-19_1230_Water_Level.pdf,success,22,
Flood_Level\2023\October\2023-10-20_1230_Water_Level.pdf,success,22,
Flood_Level\2023\October\2023-10-21_0930_Water_Level.pdf,success,41,
Flood_Level\2023\October\2023-10-21_1230_Water_Level.pdf,success,22,
Flood_Level\2023\October\2023-10-21_1530_Water_Level.pdf,success,22,
Flood_Level\2023\October\2023-10-22_0930_Water_Level.pdf,success,41,
Flood_Level\2023\October\2023-10-22_1230_Water_Level.pdf,success,22,
Flood_Level\2023\October\2023-10-23_1230_Water_Level.pdf,success,22,
Flood_Level\2023\October\2023-10-23_1800_Water_Level.pdf,success,22,
Flood_Level\2023\October\2023-10-23_2030_Water_Level.pdf,success,22,
Flood_Level\2023\October\2023-10-24_0010_Water_Level.pdf,success,22,
Flood_Level\2023\October\2023-10-24_0600_Water_Level.pdf,success,22,
Flood_Level\2023\October\2023-10-24_0930_Water_Level.pdf,success,41,
Flood_Level\2023\October\2023-10-24_1230_Water_Level.pdf,success,22,
Flood_Level\2023\October\2023-10-24_1530_Water_Level.pdf,success,22,
Flood_Level\2023\October\2023-10-25_0900_Water_Level.pdf,success,41,
Flood_Level\2023\October\2023-10-26_1530_Water_Level.pdf,success,22,
Flood_Level\2023\October\2023-10-27_1000_Water_Level.pdf,success,41,
Flood_Level\2023\October\2023-10-30_1000_Water_Level.pdf,success,41,
Flood_Level\2023\October\2023-10-30_1830_Water_Level.pdf,success,23,
Flood_Level\2023\September\2023-09-04_0930_Water_Level.pdf,success,41,
Flood_Level\2023\September\2023-09-18_1000_Water_Level.pdf,success,41,
Flood_Level\2024\April\2024-04-22_0930_Water_Level.pdf,success,40,
Flood_Level\2024\August\2024-08-17_0930_Water_Level.pdf,success,40,
Flood_Level\2024\August\2024-08-17_1230_Water_Level.pdf,success,22,
Flood_Level\2024\August\2024-08-17_1330_Water_Level.pdf,scanned,0,
Flood_Level\2024\August\2024-08-18_0330_Water_Level.pdf,error,0,Could not open PDF
Flood_Level\2024\August\2024-08-18_0930_Water_Level.pdf,error,0,Could not open PDF
Flood_Level\2024\August\2024-08-18_1230_Water_Level.pdf,error,0,Could not open PDF
Flood_Level\2024\August\2024-08-18_1500_Water_Level.pdf,error,0,Could not open PDF
Flood_Level\2024\August\2024-08-18_1800_Water_Level.pdf,error,0,Could not open PDF
Flood_Level\2024\August\2024-08-19_0930_Water_Level.pdf,error,0,Could not open PDF
Flood_Level\2024\August\2024-08-19_1230_Water_Level.pdf,error,0,Could not open PDF
Flood_Level\2024\August\2024-08-19_1530_Water_Level.pdf,error,0,Could not open PDF
Flood_Level\2024\August\2024-08-20_0630_Water_Level.pdf,error,0,Could not open PDF
Flood_Level\2024\August\2024-08-20_0930_Water_Level.pdf,error,0,Could not open PDF
Flood_Level\2024\August\2024-08-20_1230_Water_Level.pdf,error,0,Could not open PDF
Flood_Level\2024\August\2024-08-20_1530_Water_Level.pdf,error,0,Could not open PDF
Flood_Level\2024\August\2024-08-21_0930_Water_Level.pdf,error,0,Could not open PDF
Flood_Level\2024\August\2024-08-21_1230_Water_Level.pdf,error,0,Could not open PDF
Flood_Level\2024\August\2024-08-21_1530_Water_Level.pdf,error,0,Could not open PDF
Flood_Level\2024\August\2024-08-22_0630_Water_Level.pdf,error,0,Could not open PDF
Flood_Level\2024\August\2024-08-22_0900_Water_Level.pdf,error,0,Could not open PDF
Flood_Level\2024\August\2024-08-22_1230_Water_Level.pdf,error,0,Could not open PDF
Flood_Level\2024\August\2024-08-22_1530_Water_Level.pdf,error,0,Could not open PDF
Flood_Level\2024\August\2024-08-23_0930_Water_Level.pdf,error,0,Could not open PDF
Flood_Level\2024\August\2024-08-23_1530_Water_Level.pdf,error,0,Could not open PDF
Flood_Level\2024\August\2024-08-24_0930_Water_Level.pdf,error,0,Could not open PDF
Flood_Level\2024\August\2024-08-31_0930_Water_Level.pdf,error,0,Could not open PDF
Flood_Level\2024\December\2024-12-11_1830_Water_Level.pdf,error,0,Could not open PDF
Flood_Level\2024\December\2024-12-15_0630_Water_Level.pdf,error,0,Could not open PDF
Flood_Level\2024\December\2024-12-16_1230_Water_Level.pdf,error,0,Could not open PDF
Flood_Level\2024\December\2024-12-18_0600_Water_Level.pdf,scanned,0,
Flood_Level\2024\December\2024-12-26_1000_Water_Level.pdf,error,0,Could not open PDF
Flood_Level\2024\January\2024-01-01_0930_Water_Level.pdf,success,41,
Flood_Level\2024\January\2024-01-02_0930_Water_Level.pdf,success,41,
Flood_Level\2024\January\2024-01-03_0930_Water_Level.pdf,success,41,
Flood_Level\2024\January\2024-01-04_0930_Water_Level.pdf,success,41,
Flood_Level\2024\January\2024-01-05_0930_Water_Level.pdf,success,41,
Flood_Level\2024\January\2024-01-06_0930_Water_Level.pdf,success,41,
Flood_Level\2024\January\2024-01-07_0930_Water_Level.pdf,success,41,
Flood_Level\2024\January\2024-01-11_0930_Water_Level.pdf,success,41,
Flood_Level\2024\January\2024-01-13_0930_Water_Level.pdf,success,41,
Flood_Level\2024\January\2024-01-15_0930_Water_Level.pdf,success,41,
Flood_Level\2024\January\2024-01-16_0930_Water_Level.pdf,success,41,
Flood_Level\2024\January\2024-01-17_0930_Water_Level.pdf,success,41,
Flood_Level\2024\January\2024-01-18_0900_Water_Level.pdf,success,41,
Flood_Level\2024\January\2024-01-19_0930_Water_Level.pdf,success,41,
Flood_Level\2024\January\2024-01-20_0930_Water_Level.pdf,success,41,
Flood_Level\2024\July\2024-07-06_0930_Water_Level.pdf,success,40,
Flood_Level\2024\July\2024-07-07_0930_Water_Level.pdf,success,40,
Flood_Level\2024\July\2024-07-14_0930_Water_Level.pdf,success,40,
Flood_Level\2024\July\2024-07-30_0930_Water_Level.pdf,success,40,
Flood_Level\2024\June\2024-06-01_1230_Water_Level.pdf,success,40,
Flood_Level\2024\June\2024-06-01_1530_Water_Level.pdf,success,40,
Flood_Level\2024\June\2024-06-01_1800_Water_Level.pdf,success,37,
Flood_Level\2024\June\2024-06-02_0930_Water_Level.pdf,success,40,
Flood_Level\2024\June\2024-06-02_1230_Water_Level.pdf,success,40,
Flood_Level\2024\June\2024-06-03_1230_Water_Level.pdf,success,40,
Flood_Level\2024\June\2024-06-03_1830_Water_Level.pdf,success,40,
Flood_Level\2024\June\2024-06-04_0030_Water_Level.pdf,success,39,
Flood_Level\2024\June\2024-06-04_0330_Water_Level.pdf,success,39,
Flood_Level\2024\June\2024-06-04_0600_Water_Level.pdf,success,39,
Flood_Level\2024\June\2024-06-04_1230_Water_Level.pdf,success,40,
Flood_Level\2024\June\2024-06-04_1530_Water_Level.pdf,success,40,
Flood_Level\2024\June\2024-06-04_2130_Water_Level.pdf,success,38,
Flood_Level\2024\June\2024-06-05_0330_Water_Level.pdf,success,38,
Flood_Level\2024\June\2024-06-05_0630_Water_Level.pdf,success,38,
Flood_Level\2024\June\2024-06-05_0930_Water_Level.pdf,success,40,
Flood_Level\2024\June\2024-06-05_1230_Water_Level.pdf,success,40,
Flood_Level\2024\June\2024-06-05_1530_Water_Level.pdf,success,40,
Flood_Level\2024\June\2024-06-06_0030_Water_Level.pdf,success,39,
Flood_Level\2024\June\2024-06-06_0300_Water_Level.pdf,success,39,
Flood_Level\2024\June\2024-06-06_0430_Water_Level.pdf,digital_no_records,0,No usable table rows
Flood_Level\2024\June\2024-06-06_0630_Water_Level.pdf,success,39,
Flood_Level\2024\June\2024-06-06_1230_Water_Level.pdf,success,40,
Flood_Level\2024\June\2024-06-06_1530_Water_Level.pdf,success,40,
Flood_Level\2024\June\2024-06-06_2100_Water_Level.pdf,success,38,
Flood_Level\2024\June\2024-06-07_0030_Water_Level.pdf,success,38,
Flood_Level\2024\June\2024-06-07_0330_Water_Level.pdf,success,38,
Flood_Level\2024\June\2024-06-07_0930_Water_Level.pdf,success,40,
Flood_Level\2024\June\2024-06-07_1230_Water_Level.pdf,success,40,
Flood_Level\2024\June\2024-06-07_1530_Water_Level.pdf,success,40,
Flood_Level\2024\June\2024-06-08_0030_Water_Level.pdf,success,39,
Flood_Level\2024\June\2024-06-08_0330_Water_Level.pdf,success,39,
Flood_Level\2024\June\2024-06-08_0930_Water_Level.pdf,success,40,
Flood_Level\2024\June\2024-06-09_0930_Water_Level.pdf,success,40,
Flood_Level\2024\June\2024-06-10_0930_Water_Level.pdf,success,40,
Flood_Level\2024\June\2024-06-13_0930_Water_Level.pdf,success,40,
Flood_Level\2024\June\2024-06-14_0930_Water_Level.pdf,success,40,
Flood_Level\2024\June\2024-06-19_0930_Water_Level.pdf,success,40,
Flood_Level\2024\June\2024-06-20_0930_Water_Level.pdf,success,40,
Flood_Level\2024\May\2024-05-15_0930_Water_Level.pdf,success,40,
Flood_Level\2024\May\2024-05-18_1830_Water_Level.pdf,success,32,
Flood_Level\2024\May\2024-05-20_0930_Water_Level.pdf,success,40,
Flood_Level\2024\May\2024-05-20_1530_Water_Level.pdf,success,32,
Flood_Level\2024\May\2024-05-21_1530_Water_Level.pdf,success,40,
Flood_Level\2024\May\2024-05-21_1830_Water_Level.pdf,success,40,
Flood_Level\2024\May\2024-05-22_1530_Water_Level.pdf,success,40,
Flood_Level\2024\May\2024-05-22_1830_Water_Level.pdf,success,40,
Flood_Level\2024\May\2024-05-23_0030_Water_Level.pdf,success,39,
Flood_Level\2024\May\2024-05-23_0330_Water_Level.pdf,success,39,
Flood_Level\2024\May\2024-05-23_0630_Water_Level.pdf,success,39,
Flood_Level\2024\May\2024-05-23_1530_Water_Level.pdf,success,40,
Flood_Level\2024\May\2024-05-23_1830_Water_Level.pdf,success,40,
Flood_Level\2024\May\2024-05-23_2130_Water_Level.pdf,success,36,
Flood_Level\2024\May\2024-05-24_0030_Water_Level.pdf,success,35,
Flood_Level\2024\May\2024-05-24_0930_Water_Level.pdf,success,40,
Flood_Level\2024\May\2024-05-25_0030_Water_Level.pdf,success,38,
Flood_Level\2024\May\2024-05-25_0630_Water_Level.pdf,success,36,
Flood_Level\2024\May\2024-05-25_0930_Water_Level.pdf,success,40,
Flood_Level\2024\May\2024-05-25_1230_Water_Level.pdf,success,40,
Flood_Level\2024\May\2024-05-25_1500_Water_Level.pdf,success,40,
Flood_Level\2024\May\2024-05-25_1800_Water_Level.pdf,success,40,
Flood_Level\2024\May\2024-05-25_2130_Water_Level.pdf,success,39,
Flood_Level\2024\May\2024-05-27_0600_Water_Level.pdf,success,38,
Flood_Level\2024\May\2024-05-27_0900_Water_Level.pdf,success,40,
Flood_Level\2024\May\2024-05-27_1530_Water_Level.pdf,success,40,
Flood_Level\2024\May\2024-05-28_0630_Water_Level.pdf,success,39,
Flood_Level\2024\May\2024-05-28_1230_Water_Level.pdf,success,40,
Flood_Level\2024\May\2024-05-28_2130_Water_Level.pdf,success,38,
Flood_Level\2024\May\2024-05-29_0630_Water_Level.pdf,success,38,
Flood_Level\2024\May\2024-05-29_1230_Water_Level.pdf,success,40,
Flood_Level\2024\May\2024-05-29_1530_Water_Level.pdf,success,40,
Flood_Level\2024\May\2024-05-29_1800_Water_Level.pdf,success,40,
Flood_Level\2024\May\2024-05-30_0030_Water_Level.pdf,success,38,
Flood_Level\2024\May\2024-05-30_0330_Water_Level.pdf,success,38,
Flood_Level\2024\May\2024-05-30_1530_Water_Level.pdf,success,40,
Flood_Level\2024\May\2024-05-30_1830_Water_Level.pdf,success,40,
Flood_Level\2024\May\2024-05-30_2100_Water_Level.pdf,success,39,
Flood_Level\2024\May\2024-05-31_0030_Water_Level.pdf,success,39,
Flood_Level\2024\May\2024-05-31_0930_Water_Level.pdf,success,40,
Flood_Level\2024\May\2024-05-31_1530_Water_Level.pdf,success,40,
Flood_Level\2024\May\2024-05-31_1830_Water_Level.pdf,success,40,
Flood_Level\2024\November\2024-11-14_0030_Water_Level.pdf,error,0,Could not open PDF
Flood_Level\2024\November\2024-11-14_0300_Water_Level.pdf,error,0,Could not open PDF
Flood_Level\2024\November\2024-11-14_2130_Water_Level.pdf,error,0,Could not open PDF
Flood_Level\2024\November\2024-11-26_2100_Water_Level.pdf,error,0,Could not open PDF
Flood_Level\2024\November\2024-11-27_2100_Water_Level.pdf,error,0,Could not open PDF
Flood_Level\2024\November\2024-11-28_0300_Water_Level.pdf,error,0,Could not open PDF
Flood_Level\2024\November\2024-11-28_0600_Water_Level.pdf,error,0,Could not open PDF
Flood_Level\2024\November\2024-11-29_0630_Water_Level.pdf,error,0,Could not open PDF
Flood_Level\2024\October\2024-10-11_0930_Water_Level.pdf,error,0,Could not open PDF
Flood_Level\2024\October\2024-10-11_1200_Water_Level.pdf,error,0,Could not open PDF
Flood_Level\2024\October\2024-10-11_1530_Water_Level.pdf,error,0,Could not open PDF
Flood_Level\2024\October\2024-10-12_0600_Water_Level.pdf,error,0,Could not open PDF
Flood_Level\2024\October\2024-10-12_1230_Water_Level.pdf,error,0,Could not open PDF
Flood_Level\2024\October\2024-10-12_1530_Water_Level.pdf,error,0,Could not open PDF
Flood_Level\2024\October\2024-10-12_1800_Water_Level.pdf,error,0,Could not open PDF
Flood_Level\2024\October\2024-10-12_2130_Water_Level.pdf,error,0,Could not open PDF
Flood_Level\2024\October\2024-10-13_0930_Water_Level.pdf,error,0,Could not open PDF
Flood_Level\2024\October\2024-10-13_1230_Water_Level.pdf,error,0,Could not open PDF
Flood_Level\2024\October\2024-10-13_1530_Water_Level.pdf,error,0,Could not open PDF
Flood_Level\2024\October\2024-10-13_1830_Water_Level.pdf,error,0,Could not open PDF
Flood_Level\2024\October\2024-10-14_0930_Water_Level.pdf,error,0,Could not open PDF
Flood_Level\2024\October\2024-10-14_1530_Water_Level.pdf,error,0,Could not open PDF
Flood_Level\2024\October\2024-10-15_0330_Water_Level.pdf,error,0,Could not open PDF
Flood_Level\2024\October\2024-10-15_0930_Water_Level.pdf,error,0,Could not open PDF
Flood_Level\2024\October\2024-10-15_1230_Water_Level.pdf,error,0,Could not open PDF
Flood_Level\2024\October\2024-10-28_0900_Water_Level.pdf,error,0,Could not open PDF
Flood_Level\2024\October\2024-10-31_0900_Water_Level.pdf,error,0,Could not open PDF
Flood_Level\2024\September\2024-09-02_0900_Water_Level.pdf,error,0,Could not open PDF
Flood_Level\2024\September\2024-09-03_1230_Water_Level.pdf,error,0,Could not open PDF
Flood_Level\2024\September\2024-09-03_1530_Water_Level.pdf,error,0,Could not open PDF
Flood_Level\2024\September\2024-09-04_0900_Water_Level.pdf,error,0,Could not open PDF
Flood_Level\2024\September\2024-09-05_0930_Water_Level.pdf,error,0,Could not open PDF
Flood_Level\2024\September\2024-09-28_0930_Water_Level.pdf,error,0,Could not open PDF
Flood_Level\2024\September\2024-09-29_0930_Water_Level.pdf,error,0,Could not open PDF
Flood_Level\2025\April\2025-04-11_0930_Water_Level.pdf,error,0,Could not open PDF
Flood_Level\2025\December\2025-12-01_1230_Water_Level.pdf,success,40,
Flood_Level\2025\December\2025-12-01_1530_Water_Level.pdf,success,40,
Flood_Level\2025\December\2025-12-01_1830_Water_Level.pdf,success,40,
Flood_Level\2025\December\2025-12-02_0030_Water_Level.pdf,success,40,
Flood_Level\2025\December\2025-12-02_0330_Water_Level.pdf,success,40,
Flood_Level\2025\December\2025-12-02_1230_Water_Level.pdf,success,40,
Flood_Level\2025\December\2025-12-02_1530_Water_Level.pdf,success,40,
Flood_Level\2025\December\2025-12-02_1800_Water_Level.pdf,success,40,
Flood_Level\2025\December\2025-12-02_2130_Water_Level.pdf,success,40,
Flood_Level\2025\December\2025-12-03_0630_Water_Level.pdf,success,40,
Flood_Level\2025\December\2025-12-03_0930_Water_Level.pdf,success,40,
Flood_Level\2025\December\2025-12-03_1230_Water_Level.pdf,success,40,
Flood_Level\2025\December\2025-12-03_1530_Water_Level.pdf,success,40,
Flood_Level\2025\December\2025-12-04_0000_Water_Level.pdf,success,40,
Flood_Level\2025\December\2025-12-04_0300_Water_Level.pdf,success,40,
Flood_Level\2025\December\2025-12-04_0930_Water_Level.pdf,success,40,
Flood_Level\2025\December\2025-12-04_2100_Water_Level.pdf,success,40,
Flood_Level\2025\December\2025-12-05_1230_Water_Level.pdf,success,40,
Flood_Level\2025\December\2025-12-06_0030_Water_Level.pdf,success,40,
Flood_Level\2025\December\2025-12-06_1530_Water_Level.pdf,success,40,
Flood_Level\2025\December\2025-12-07_0630_Water_Level.pdf,success,40,
Flood_Level\2025\December\2025-12-07_1530_Water_Level.pdf,success,40,
Flood_Level\2025\December\2025-12-07_1830_Water_Level.pdf,success,40,
Flood_Level\2025\December\2025-12-08_0930_Water_Level.pdf,success,40,
Flood_Level\2025\December\2025-12-08_1530_Water_Level.pdf,success,40,
Flood_Level\2025\December\2025-12-09_0930_Water_Level.pdf,success,40,
Flood_Level\2025\December\2025-12-10_0930_Water_Level.pdf,success,40,
Flood_Level\2025\December\2025-12-10_1500_Water_Level.pdf,success,40,
Flood_Level\2025\December\2025-12-11_1230_Water_Level.pdf,success,40,
Flood_Level\2025\December\2025-12-13_0930_Water_Level.pdf,success,40,
Flood_Level\2025\December\2025-12-14_0930_Water_Level.pdf,success,40,
Flood_Level\2025\December\2025-12-17_1530_Water_Level.pdf,success,40,
Flood_Level\2025\December\2025-12-18_1530_Water_Level.pdf,success,40,
Flood_Level\2025\December\2025-12-18_1830_Water_Level.pdf,success,40,
Flood_Level\2025\December\2025-12-19_0930_Water_Level.pdf,success,40,
Flood_Level\2025\December\2025-12-19_1230_Water_Level.pdf,success,40,
Flood_Level\2025\December\2025-12-19_1530_Water_Level.pdf,success,40,
Flood_Level\2025\December\2025-12-21_0930_Water_Level.pdf,success,40,
Flood_Level\2025\December\2025-12-21_1500_Water_Level.pdf,success,40,
Flood_Level\2025\December\2025-12-24_0930_Water_Level.pdf,success,40,
Flood_Level\2025\December\2025-12-25_0930_Water_Level.pdf,success,40,
Flood_Level\2025\December\2025-12-29_0930_Water_Level.pdf,success,40,
Flood_Level\2025\February\2025-02-08_0930_Water_Level.pdf,error,0,Could not open PDF
Flood_Level\2025\January\2025-01-16_1230_Water_Level.pdf,error,0,Could not open PDF
Flood_Level\2025\January\2025-01-16_1530_Water_Level.pdf,error,0,Could not open PDF
Flood_Level\2025\January\2025-01-17_0930_Water_Level.pdf,error,0,Could not open PDF
Flood_Level\2025\January\2025-01-18_0930_Water_Level.pdf,error,0,Could not open PDF
Flood_Level\2025\January\2025-01-19_0930_Water_Level.pdf,error,0,Could not open PDF
Flood_Level\2025\January\2025-01-19_1230_Water_Level.pdf,error,0,Could not open PDF
Flood_Level\2025\January\2025-01-19_2100_Water_Level.pdf,error,0,Could not open PDF
Flood_Level\2025\January\2025-01-20_1530_Water_Level.pdf,error,0,Could not open PDF
Flood_Level\2025\January\2025-01-21_0930_Water_Level.pdf,error,0,Could not open PDF
Flood_Level\2025\January\2025-01-21_1200_Water_Level.pdf,error,0,Could not open PDF
Flood_Level\2025\January\2025-01-22_0630_Water_Level.pdf,error,0,Could not open PDF
Flood_Level\2025\January\2025-01-22_1230_Water_Level.pdf,error,0,Could not open PDF
Flood_Level\2025\January\2025-01-22_1530_Water_Level.pdf,error,0,Could not open PDF
Flood_Level\2025\January\2025-01-22_1830_Water_Level.pdf,error,0,Could not open PDF
Flood_Level\2025\January\2025-01-22_2100_Water_Level.pdf,error,0,Could not open PDF
Flood_Level\2025\January\2025-01-23_0630_Water_Level.pdf,error,0,Could not open PDF
Flood_Level\2025\January\2025-01-23_0930_Water_Level.pdf,error,0,Could not open PDF
Flood_Level\2025\January\2025-01-23_1230_Water_Level.pdf,error,0,Could not open PDF
Flood_Level\2025\January\2025-01-23_1530_Water_Level.pdf,error,0,Could not open PDF
Flood_Level\2025\January\2025-01-24_0900_Water_Level.pdf,error,0,Could not open PDF
Flood_Level\2025\January\2025-01-24_1530_Water_Level.pdf,error,0,Could not open PDF
Flood_Level\2025\June\2025-06-10_1000_Water_Level.pdf,success,40,
Flood_Level\2025\May\2025-05-16_0900_Water_Level.pdf,error,0,Could not open PDF
Flood_Level\2025\May\2025-05-27_0930_Water_Level.pdf,error,0,Could not open PDF
Flood_Level\2025\November\2025-11-06_0900_Water_Level.pdf,success,40,
Flood_Level\2025\November\2025-11-12_0930_Water_Level.pdf,success,40,
Flood_Level\2025\November\2025-11-18_0030_Water_Level.pdf,error,0,Could not open PDF
Flood_Level\2025\November\2025-11-21_0030_Water_Level.pdf,success,39,
Flood_Level\2025\November\2025-11-21_0600_Water_Level.pdf,success,39,
Flood_Level\2025\November\2025-11-21_1800_Water_Level.pdf,success,40,
Flood_Level\2025\November\2025-11-23_0330_Water_Level.pdf,success,38,
Flood_Level\2025\November\2025-11-23_0600_Water_Level.pdf,success,39,
Flood_Level\2025\November\2025-11-24_0000_Water_Level.pdf,success,39,
Flood_Level\2025\November\2025-11-24_0300_Water_Level.pdf,success,39,
Flood_Level\2025\November\2025-11-24_1800_Water_Level.pdf,success,40,
Flood_Level\2025\November\2025-11-25_0300_Water_Level.pdf,success,39,
Flood_Level\2025\November\2025-11-25_1500_Water_Level.pdf,success,40,
Flood_Level\2025\November\2025-11-25_2130_Water_Level.pdf,success,39,
Flood_Level\2025\November\2025-11-26_0030_Water_Level.pdf,success,38,
Flood_Level\2025\November\2025-11-27_0030_Water_Level.pdf,success,39,
Flood_Level\2025\November\2025-11-27_0930_Water_Level.pdf,success,40,
Flood_Level\2025\November\2025-11-27_1230_Water_Level.pdf,success,40,
Flood_Level\2025\November\2025-11-27_1830_Water_Level.pdf,success,40,
Flood_Level\2025\November\2025-11-28_0930_Water_Level.pdf,success,40,
Flood_Level\2025\November\2025-11-28_1230_Water_Level.pdf,success,40,
Flood_Level\2025\November\2025-11-28_1530_Water_Level.pdf,success,40,
Flood_Level\2025\November\2025-11-29_0600_Water_Level.pdf,success,39,
Flood_Level\2025\November\2025-11-29_0930_Water_Level.pdf,success,40,
Flood_Level\2025\November\2025-11-29_1530_Water_Level.pdf,success,40,
Flood_Level\2025\November\2025-11-30_0030_Water_Level.pdf,success,40,
Flood_Level\2025\November\2025-11-30_1800_Water_Level.pdf,success,40,
Flood_Level\2025\November\2025-11-30_2100_Water_Level.pdf,success,40,
Flood_Level\2025\October\2025-10-21_1800_Water_Level.pdf,success,40,
Flood_Level\2025\October\2025-10-21_2130_Water_Level.pdf,success,39,
Flood_Level\2025\October\2025-10-22_0030_Water_Level.pdf,success,39,
Flood_Level\2025\October\2025-10-23_0030_Water_Level.pdf,success,39,
Flood_Level\2025\October\2025-10-23_1830_Water_Level.pdf,success,40,
Flood_Level\2025\October\2025-10-24_1830_Water_Level.pdf,success,40,
Flood_Level\2025\October\2025-10-25_1830_Water_Level.pdf,success,40,
Flood_Level\2025\October\2025-10-27_0900_Water_Level.pdf,success,40,
Flood_Level\2025\October\2025-10-30_0930_Water_Level.pdf,success,40,
Flood_Level\2026\April\2026-04-15_0930_Water_Level.pdf,success,40,
Flood_Level\2026\August\2026-08-01_1530_Water_Level.pdf,success,40,
Flood_Level\2026\August\2026-08-01_1830_Water_Level.pdf,success,40,
Flood_Level\2026\August\2026-08-01_2130_Water_Level.pdf,success,40,
Flood_Level\2026\August\2026-08-02_0300_Water_Level.pdf,success,40,
Flood_Level\2026\August\2026-08-02_0900_Water_Level.pdf,success,40,
Flood_Level\2026\August\2026-08-02_1230_Water_Level.pdf,success,40,
Flood_Level\2026\August\2026-08-03_0030_Water_Level.pdf,success,40,
Flood_Level\2026\August\2026-08-03_0300_Water_Level.pdf,success,40,
Flood_Level\2026\August\2026-08-03_0630_Water_Level.pdf,success,40,
Flood_Level\2026\August\2026-08-03_1530_Water_Level.pdf,success,40,
Flood_Level\2026\August\2026-08-03_1830_Water_Level.pdf,success,40,
Flood_Level\2026\August\2026-08-04_0030_Water_Level.pdf,success,40,
Flood_Level\2026\August\2026-08-04_0330_Water_Level.pdf,success,40,
Flood_Level\2026\August\2026-08-04_0630_Water_Level.pdf,success,40,
Flood_Level\2026\August\2026-08-04_0930_Water_Level.pdf,success,40,
Flood_Level\2026\August\2026-08-04_1500_Water_Level.pdf,success,40,
Flood_Level\2026\August\2026-08-04_1830_Water_Level.pdf,success,40,
Flood_Level\2026\August\2026-08-04_2130_Water_Level.pdf,success,40,
Flood_Level\2026\August\2026-08-05_0030_Water_Level.pdf,success,40,
Flood_Level\2026\August\2026-08-05_0330_Water_Level.pdf,success,40,
Flood_Level\2026\August\2026-08-05_0600_Water_Level.pdf,success,40,
Flood_Level\2026\August\2026-08-05_0930_Water_Level.pdf,success,40,
Flood_Level\2026\February\2026-02-20_0600_Water_Level.pdf,success,40,
Flood_Level\2026\February\2026-02-21_2130_Water_Level.pdf,success,40,
Flood_Level\2026\January\2026-01-01_0930_Water_Level.pdf,success,40,
Flood_Level\2026\January\2026-01-10_1230_Water_Level.pdf,success,40,
Flood_Level\2026\January\2026-01-10_1500_Water_Level.pdf,success,40,
Flood_Level\2026\January\2026-01-10_1830_Water_Level.pdf,success,40,
Flood_Level\2026\January\2026-01-11_0930_Water_Level.pdf,success,40,
Flood_Level\2026\July\2026-07-11_0930_Water_Level.pdf,success,40,
Flood_Level\2026\June\2026-06-12_1800_Water_Level.pdf,success,40,
Flood_Level\2026\June\2026-06-12_2100_Water_Level.pdf,success,40,
Flood_Level\2026\June\2026-06-13_0030_Water_Level.pdf,success,40,
Flood_Level\2026\June\2026-06-13_0330_Water_Level.pdf,success,40,
Flood_Level\2026\June\2026-06-13_1230_Water_Level.pdf,success,40,
Flood_Level\2026\June\2026-06-13_1530_Water_Level.pdf,success,40,
Flood_Level\2026\June\2026-06-13_1800_Water_Level.pdf,success,40,
Flood_Level\2026\June\2026-06-13_2100_Water_Level.pdf,success,40,
Flood_Level\2026\June\2026-06-14_0030_Water_Level.pdf,success,40,
Flood_Level\2026\June\2026-06-14_0330_Water_Level.pdf,success,40,
Flood_Level\2026\June\2026-06-14_0630_Water_Level.pdf,success,40,
Flood_Level\2026\June\2026-06-14_1200_Water_Level.pdf,success,40,
Flood_Level\2026\June\2026-06-18_0930_Water_Level.pdf,success,40,
Flood_Level\2026\June\2026-06-22_2100_Water_Level.pdf,success,40,
Flood_Level\2026\June\2026-06-23_0630_Water_Level.pdf,success,40,
Flood_Level\2026\June\2026-06-23_1230_Water_Level.pdf,success,40,
Flood_Level\2026\June\2026-06-23_2100_Water_Level.pdf,success,40,
Flood_Level\2026\June\2026-06-24_0030_Water_Level.pdf,success,40,
Flood_Level\2026\June\2026-06-24_0330_Water_Level.pdf,success,40,
Flood_Level\2026\June\2026-06-24_0630_Water_Level.pdf,success,40,
Flood_Level\2026\June\2026-06-24_1500_Water_Level.pdf,success,40,
Flood_Level\2026\June\2026-06-29_2100_Water_Level.pdf,success,40,
Flood_Level\2026\June\2026-06-30_0300_Water_Level.pdf,success,40,
Flood_Level\2026\May\2026-05-10_0600_Water_Level.pdf,success,40,
Flood_Level\2026\May\2026-05-11_2130_Water_Level.pdf,success,40,
Flood_Level\2026\May\2026-05-12_1530_Water_Level.pdf,success,40,
Flood_Level\2026\May\2026-05-12_2130_Water_Level.pdf,success,40,
Flood_Level\2026\May\2026-05-13_0630_Water_Level.pdf,success,40,
Flood_Level\2026\May\2026-05-13_2100_Water_Level.pdf,success,40,
Flood_Level\2026\May\2026-05-14_0030_Water_Level.pdf,success,40,
Flood_Level\2026\May\2026-05-15_0030_Water_Level.pdf,success,40,
Flood_Level\2026\May\2026-05-15_2130_Water_Level.pdf,success,40,
Flood_Level\2026\May\2026-05-16_0030_Water_Level.pdf,success,40,
Flood_Level\2026\May\2026-05-23_2130_Water_Level.pdf,success,40,
Flood_Level\2026\May\2026-05-24_0630_Water_Level.pdf,success,40,
Flood_Level\2026\May\2026-05-24_2130_Water_Level.pdf,success,40,
Flood_Level\2026\May\2026-05-25_2130_Water_Level.pdf,success,40,
Flood_Level\2026\May\2026-05-26_0900_Water_Level.pdf,success,40,
Flood_Level\2026\May\2026-05-30_2100_Water_Level.pdf,success,40,
Flood_Level\2026\May\2026-05-31_2100_Water_Level.pdf,success,40,
